အက္ခရာ,Display Name,မြန်မာအမည်,English / Stage Name,အမျိုးအစား,ကျား/မ,Search Keys,YouTube Keyword,စစ်ဆေးမှု,အရင်းအမြစ်
က,ကဗျာဘွဲ့မှူး,ကဗျာဘွဲ့မှူး,,Solo,အမျိုးသမီး,ကဗျာဘွဲ့မှူး,ကဗျာဘွဲ့မှူး karaoke,Myanmar Net directory,https://shwe.net/song/list.php
က,ကိုကိုမောင်,ကိုကိုမောင်,,Solo,အမျိုးသား,ကိုကိုမောင်,ကိုကိုမောင် karaoke,Myanmar Net directory,https://shwe.net/song/list.php
က,ကိုင်ဇာ,ကိုင်ဇာ,Kai Zar,Solo,အမျိုးသား,"ကိုင်ဇာ, Kai Zar, KaiZar",ကိုင်ဇာ karaoke,အတည်ပြုအရင်းအမြစ်ရှိ,https://my.wikipedia.org/wiki/ကဏ္ဍ:မြန်မာ_အမျိုးသား_အဆိုတော်များ
က,ကိုလေးလွင်,ကိုလေးလွင်,,Solo,အမျိုးသား,ကိုလေးလွင်,ကိုလေးလွင် karaoke,အတည်ပြုအရင်းအမြစ်ရှိ,https://my.wikipedia.org/wiki/ကဏ္ဍ:မြန်မာ_အမျိုးသား_အဆိုတော်များ
က,ကိုအောင်,ကိုအောင်,,Solo,အမျိုးသား,ကိုအောင်,ကိုအောင် karaoke,Myanmar Net directory,https://shwe.net/song/list.php
က,ကေဂျာနူး,ကေဂျာနူး,,Solo,အမျိုးသမီး,ကေဂျာနူး,ကေဂျာနူး karaoke,အတည်ပြုအရင်းအမြစ်ရှိ,https://my.wikipedia.org/wiki/ကဏ္ဍ:မြန်မာ_အမျိုးသမီး_အဆိုတော်များ
က,ကောင်းကောင်း,ကောင်းကောင်း,Kaung Kaung,Solo,မသတ်မှတ်,"ကောင်းကောင်း, Kaung Kaung, KaungKaung",ကောင်းကောင်း karaoke,အတည်ပြုအရင်းအမြစ်ရှိ,https://www.viberate.com/music-charts/top-artists-from-myanmar/
က,ကောလိပ်ဂျင်နေဝင်း,ကောလိပ်ဂျင်နေဝင်း,,Solo,အမျိုးသား,ကောလိပ်ဂျင်နေဝင်း,ကောလိပ်ဂျင်နေဝင်း karaoke,Myanmar Net directory,https://shwe.net/song/list.php
က,ကော်နီ,ကော်နီ,Connie,Solo,အမျိုးသမီး,"ကော်နီ, Connie",ကော်နီ karaoke,အတည်ပြုအရင်းအမြစ်ရှိ,https://my.wikipedia.org/wiki/ကဏ္ဍ:မြန်မာ_အမျိုးသမီး_အဆိုတော်များ
က,ကံ့ကော်တောမျိုးအောင်,ကံ့ကော်တောမျိုးအောင်,,Solo,အမျိုးသား,ကံ့ကော်တောမျိုးအောင်,ကံ့ကော်တောမျိုးအောင် karaoke,Myanmar Net directory,https://shwe.net/song/list.php
က,ကျော်ကျော်ဗိုလ်,ကျော်ကျော်ဗိုလ်,,Solo,အမျိုးသား,ကျော်ကျော်ဗိုလ်,ကျော်ကျော်ဗိုလ် karaoke,အတည်ပြုအရင်းအမြစ်ရှိ,https://my.wikipedia.org/wiki/ကဏ္ဍ:မြန်မာ_အမျိုးသား_အဆိုတော်များ
က,ကျော်ညွန့်၊ ဦး,ကျော်ညွန့်၊ ဦး,,Solo,အမျိုးသား,"ကျော်ညွန့်၊ ဦး, ကျော်ညွန့်၊ဦး",ကျော်ညွန့်၊ ဦး karaoke,အတည်ပြုအရင်းအမြစ်ရှိ,https://my.wikipedia.org/wiki/ကဏ္ဍ:မြန်မာ_အမျိုးသား_အဆိုတော်များ
က,ကျော်ထင်,ကျော်ထင်,,Solo,အမျိုးသား,ကျော်ထင်,ကျော်ထင် karaoke,Myanmar Net directory,https://shwe.net/song/list.php
က,ကျော်ထွဋ်ဆွေ,ကျော်ထွဋ်ဆွေ,,Solo,အမျိုးသား,ကျော်ထွဋ်ဆွေ,ကျော်ထွဋ်ဆွေ karaoke,Myanmar Net directory,https://shwe.net/song/list.php
က,ကျော်သီဟ,ကျော်သီဟ,,Solo,အမျိုးသား,ကျော်သီဟ,ကျော်သီဟ karaoke,Myanmar Net directory,https://shwe.net/song/list.php
က,ကျော်ဟိန်း,ကျော်ဟိန်း,Kyaw Hein,Solo,အမျိုးသား,"ကျော်ဟိန်း, Kyaw Hein, KyawHein",ကျော်ဟိန်း karaoke,အတည်ပြုအရင်းအမြစ်ရှိ,https://my.wikipedia.org/wiki/ကဏ္ဍ:မြန်မာ_အမျိုးသား_အဆိုတော်များ
က,ကြက်ဖ,ကြက်ဖ,,Solo,အမျိုးသား,ကြက်ဖ,ကြက်ဖ karaoke,Myanmar Net directory,https://shwe.net/song/list.php
က,ကြည်လဲ့လဲ့ဦး,ကြည်လဲ့လဲ့ဦး,,Solo,အမျိုးသမီး,ကြည်လဲ့လဲ့ဦး,ကြည်လဲ့လဲ့ဦး karaoke,Myanmar Net directory,https://shwe.net/song/list.php
က,ကြည်အောင်,ကြည်အောင်,,Solo,အမျိုးသမီး,ကြည်အောင်,ကြည်အောင် karaoke,အတည်ပြုအရင်းအမြစ်ရှိ,https://my.wikipedia.org/wiki/ကဏ္ဍ:မြန်မာ_အမျိုးသမီး_အဆိုတော်များ
က,ကြိုးကြာ,ကြိုးကြာ,,Solo,အမျိုးသမီး,ကြိုးကြာ,ကြိုးကြာ karaoke,Myanmar Net directory,https://shwe.net/song/list.php
ခ,ခင်ခင်ရီ,ခင်ခင်ရီ,,Solo,အမျိုးသမီး,ခင်ခင်ရီ,ခင်ခင်ရီ karaoke,Myanmar Net directory,https://shwe.net/song/list.php
ခ,ခင်စုစုနိုင်,ခင်စုစုနိုင်,,Solo,မသတ်မှတ်,ခင်စုစုနိုင်,ခင်စုစုနိုင် karaoke,အတည်ပြုအရင်းအမြစ်ရှိ,https://www.viberate.com/music-charts/top-artists-from-myanmar/
ခ,ခင်ညွန့်ရည်,ခင်ညွန့်ရည်,,Solo,အမျိုးသမီး,ခင်ညွန့်ရည်,ခင်ညွန့်ရည် karaoke,အတည်ပြုအရင်းအမြစ်ရှိ,https://my.wikipedia.org/wiki/ကဏ္ဍ:မြန်မာ_အမျိုးသမီး_အဆိုတော်များ
ခ,ခင်ဘုဏ်း,ခင်ဘုဏ်း,,Solo,အမျိုးသမီး,ခင်ဘုဏ်း,ခင်ဘုဏ်း karaoke,Myanmar Net directory,https://shwe.net/song/list.php
ခ,ခင်မောင်ကြီး,ခင်မောင်ကြီး,,Solo,အမျိုးသား,ခင်မောင်ကြီး,ခင်မောင်ကြီး karaoke,အတည်ပြုအရင်းအမြစ်ရှိ,https://my.wikipedia.org/wiki/ကဏ္ဍ:မြန်မာ_အမျိုးသား_အဆိုတော်များ
ခ,ခင်မောင်တိုး,ခင်မောင်တိုး,Khin Maung Toe,Solo,အမျိုးသား,"ခင်မောင်တိုး, Khin Maung Toe, KhinMaungToe",ခင်မောင်တိုး karaoke,အတည်ပြုအရင်းအမြစ်ရှိ,https://my.wikipedia.org/wiki/ကဏ္ဍ:မြန်မာ_အမျိုးသား_အဆိုတော်များ
ခ,ခင်မောင်ထူး,ခင်မောင်ထူး,,Solo,အမျိုးသား,ခင်မောင်ထူး,ခင်မောင်ထူး karaoke,Myanmar Net directory,https://shwe.net/song/list.php
ခ,ခင်ယုမေ,ခင်ယုမေ,,Solo,အမျိုးသမီး,ခင်ယုမေ,ခင်ယုမေ karaoke,အတည်ပြုအရင်းအမြစ်ရှိ,https://my.wikipedia.org/wiki/ကဏ္ဍ:မြန်မာ_အမျိုးသမီး_အဆိုတော်များ
ခ,ခင်ဝမ်း,ခင်ဝမ်း,Khin One,Solo,အမျိုးသား,"ခင်ဝမ်း, Khin One, KhinOne",ခင်ဝမ်း karaoke,အတည်ပြုအရင်းအမြစ်ရှိ,https://my.wikipedia.org/wiki/ကဏ္ဍ:မြန်မာ_အမျိုးသား_အဆိုတော်များ
ခ,ခိုင်ထူး,ခိုင်ထူး,Khine Htoo,Solo,အမျိုးသား,"ခိုင်ထူး, Khine Htoo, KhineHtoo",ခိုင်ထူး karaoke,အတည်ပြုအရင်းအမြစ်ရှိ,https://my.wikipedia.org/wiki/ကဏ္ဍ:မြန်မာ_အမျိုးသား_အဆိုတော်များ
ခ,ခိုင်သင်းကြည်,ခိုင်သင်းကြည်,,Solo,အမျိုးသမီး,ခိုင်သင်းကြည်,ခိုင်သင်းကြည် karaoke,Myanmar Net directory,https://shwe.net/song/list.php
ခ,ချစ်ကောင်း,ချစ်ကောင်း,Chit Kaung,Solo,အမျိုးသား,"ချစ်ကောင်း, Chit Kaung, ChitKaung",ချစ်ကောင်း karaoke,အတည်ပြုအရင်းအမြစ်ရှိ,https://my.wikipedia.org/wiki/ကဏ္ဍ:မြန်မာ_အမျိုးသား_အဆိုတော်များ
ခ,ချစ်စနှိုးဦး,ချစ်စနှိုးဦး,,Solo,အမျိုးသမီး,ချစ်စနှိုးဦး,ချစ်စနှိုးဦး karaoke,Myanmar Net directory,https://shwe.net/song/list.php
ခ,ချစ်စမ်းမောင်,ချစ်စမ်းမောင်,,Solo,အမျိုးသား,ချစ်စမ်းမောင်,ချစ်စမ်းမောင် karaoke,Myanmar Net directory,https://shwe.net/song/list.php
ခ,ချစ်ဆုဝေ,ချစ်ဆုဝေ,,Solo,အမျိုးသမီး,ချစ်ဆုဝေ,ချစ်ဆုဝေ karaoke,Myanmar Net directory,https://shwe.net/song/list.php
ခ,ချစ်ဆွေ၊ စန္ဒရား,ချစ်ဆွေ၊ စန္ဒရား,,Solo,အမျိုးသား,"ချစ်ဆွေ၊ စန္ဒရား, ချစ်ဆွေ၊စန္ဒရား",ချစ်ဆွေ၊ စန္ဒရား karaoke,အတည်ပြုအရင်းအမြစ်ရှိ,https://my.wikipedia.org/wiki/ကဏ္ဍ:မြန်မာ_အမျိုးသား_အဆိုတော်များ
ခ,ချစ်သုဝေ,ချစ်သုဝေ,Chit Thu Wai,Solo,အမျိုးသမီး,"ချစ်သုဝေ, Chit Thu Wai, ChitThuWai",ချစ်သုဝေ karaoke,အတည်ပြုအရင်းအမြစ်ရှိ,https://my.wikipedia.org/wiki/ကဏ္ဍ:မြန်မာ_အမျိုးသမီး_အဆိုတော်များ
ခ,ချမ်းချမ်း,ချမ်းချမ်း,Chan Chan,Solo,အမျိုးသမီး,"ချမ်းချမ်း, Chan Chan, ChanChan",ချမ်းချမ်း karaoke,အတည်ပြုအရင်းအမြစ်ရှိ,https://my.wikipedia.org/wiki/ကဏ္ဍ:မြန်မာ_အမျိုးသမီး_အဆိုတော်များ
ခ,ချမ်းပြည့်,ချမ်းပြည့်,,Solo,အမျိုးသား,ချမ်းပြည့်,ချမ်းပြည့် karaoke,Myanmar Net directory,https://shwe.net/song/list.php
ခ,ချမ်းမြေ့မောင်ချို,ချမ်းမြေ့မောင်ချို,,Solo,အမျိုးသမီး,ချမ်းမြေ့မောင်ချို,ချမ်းမြေ့မောင်ချို karaoke,အတည်ပြုအရင်းအမြစ်ရှိ,https://my.wikipedia.org/wiki/ကဏ္ဍ:မြန်မာ_အမျိုးသမီး_အဆိုတော်များ
ခ,ချိုပြုံး,ချိုပြုံး,,Solo,အမျိုးသမီး,ချိုပြုံး,ချိုပြုံး karaoke,အတည်ပြုအရင်းအမြစ်ရှိ,https://my.wikipedia.org/wiki/ကဏ္ဍ:မြန်မာ_အမျိုးသမီး_အဆိုတော်များ
ခ,ချောစုခင်,ချောစုခင်,,Solo,အမျိုးသမီး,ချောစုခင်,ချောစုခင် karaoke,Myanmar Net directory,https://shwe.net/song/list.php
ခ,ခွန်ပေါရန်း,ခွန်ပေါရန်း,,Solo,အမျိုးသား,ခွန်ပေါရန်း,ခွန်ပေါရန်း karaoke,အတည်ပြုအရင်းအမြစ်ရှိ,https://my.wikipedia.org/wiki/ကဏ္ဍ:မြန်မာ_အမျိုးသား_အဆိုတော်များ
ခ,ခွန်သန်းထွန်း,ခွန်သန်းထွန်း,,Solo,အမျိုးသား,ခွန်သန်းထွန်း,ခွန်သန်းထွန်း karaoke,အတည်ပြုအရင်းအမြစ်ရှိ,https://my.wikipedia.org/wiki/ကဏ္ဍ:မြန်မာ_အမျိုးသား_အဆိုတော်များ
ဂ,ဂရေဟမ်,ဂရေဟမ်,Graham,Solo,အမျိုးသား,"ဂရေဟမ်, Graham",ဂရေဟမ် karaoke,အတည်ပြုအရင်းအမြစ်ရှိ,https://my.wikipedia.org/wiki/ကဏ္ဍ:မြန်မာ_အမျိုးသား_အဆိုတော်များ
ဂ,ဂျက်ဆန်ထွန်း,ဂျက်ဆန်ထွန်း,,Solo,အမျိုးသား,ဂျက်ဆန်ထွန်း,ဂျက်ဆန်ထွန်း karaoke,အတည်ပြုအရင်းအမြစ်ရှိ,https://my.wikipedia.org/wiki/ကဏ္ဍ:မြန်မာ_အမျိုးသား_အဆိုတော်များ
ဂ,ဂျက်မြသောင်း,ဂျက်မြသောင်း,,Solo,အမျိုးသား,ဂျက်မြသောင်း,ဂျက်မြသောင်း karaoke,Myanmar Net directory,https://shwe.net/song/list.php
ဂ,ဂျင်းနီ,ဂျင်းနီ,,Solo,အမျိုးသမီး,ဂျင်းနီ,ဂျင်းနီ karaoke,အတည်ပြုအရင်းအမြစ်ရှိ,https://my.wikipedia.org/wiki/ကဏ္ဍ:မြန်မာ_အမျိုးသမီး_အဆိုတော်များ
ဂ,ဂျီဖက်,ဂျီဖက်,G Fatt,Solo,အမျိုးသား,"ဂျီဖက်, G Fatt, GFatt",ဂျီဖက် karaoke,အတည်ပြုအရင်းအမြစ်ရှိ,https://my.wikipedia.org/wiki/ကဏ္ဍ:မြန်မာ_အမျိုးသား_အဆိုတော်များ
ဂ,ဂျီလတ်,ဂျီလတ်,,Solo,အမျိုးသား,ဂျီလတ်,ဂျီလတ် karaoke,Myanmar Net directory,https://shwe.net/song/list.php
ဂ,ဂျေညီညီ,ဂျေညီညီ,J Nyi Nyi,Solo,အမျိုးသား,"ဂျေညီညီ, J Nyi Nyi, JNyiNyi",ဂျေညီညီ karaoke,အတည်ပြုအရင်းအမြစ်ရှိ,https://my.wikipedia.org/wiki/ကဏ္ဍ:မြန်မာ_အမျိုးသား_အဆိုတော်များ
ဂ,ဂျေမီ,ဂျေမီ,J-Me,Solo,အမျိုးသား,"ဂျေမီ, J-Me, JMe",ဂျေမီ karaoke,အတည်ပြုအရင်းအမြစ်ရှိ,https://my.wikipedia.org/wiki/ကဏ္ဍ:မြန်မာ_အမျိုးသား_အဆိုတော်များ
ဂ,ဂျေမောင်မောင်,ဂျေမောင်မောင်,,Solo,အမျိုးသား,ဂျေမောင်မောင်,ဂျေမောင်မောင် karaoke,Myanmar Net directory,https://shwe.net/song/list.php
ဂ,ဂျောက်ဂျက်,ဂျောက်ဂျက်,Jouk Jack,Solo,အမျိုးသား,"ဂျောက်ဂျက်, Jouk Jack, JoukJack",ဂျောက်ဂျက် karaoke,အတည်ပြုအရင်းအမြစ်ရှိ,https://my.wikipedia.org/wiki/ကဏ္ဍ:မြန်မာ_အမျိုးသား_အဆိုတော်များ
ဂ,ဂျွန်,ဂျွန်,,Solo,အမျိုးသား,ဂျွန်,ဂျွန် karaoke,အတည်ပြုအရင်းအမြစ်ရှိ,https://my.wikipedia.org/wiki/ကဏ္ဍ:မြန်မာ_အမျိုးသား_အဆိုတော်များ
င,ငယ်ဆူး,ငယ်ဆူး,,Solo,အမျိုးသား,ငယ်ဆူး,ငယ်ဆူး karaoke,Myanmar Net directory,https://shwe.net/song/list.php
င,ငြိမ်းငြိမ်းအိ,ငြိမ်းငြိမ်းအိ,,Solo,အမျိုးသမီး,ငြိမ်းငြိမ်းအိ,ငြိမ်းငြိမ်းအိ karaoke,Myanmar Net directory,https://shwe.net/song/list.php
စ,စည်သူလွင်,စည်သူလွင်,Si Thu Lwin,Solo,အမျိုးသား,"စည်သူလွင်, Si Thu Lwin, SiThuLwin",စည်သူလွင် karaoke,အတည်ပြုအရင်းအမြစ်ရှိ,https://my.wikipedia.org/wiki/ကဏ္ဍ:မြန်မာ_အမျိုးသား_အဆိုတော်များ
စ,စန္ဒရားလှထွဋ်,စန္ဒရားလှထွဋ်,,Solo,အမျိုးသား,စန္ဒရားလှထွဋ်,စန္ဒရားလှထွဋ် karaoke,Myanmar Net directory,https://shwe.net/song/list.php
စ,စန္ဒီမြင့်လွင်,စန္ဒီမြင့်လွင်,Sandy Myint Lwin,Solo,မသတ်မှတ်,"စန္ဒီမြင့်လွင်, Sandy Myint Lwin, SandyMyintLwin",စန္ဒီမြင့်လွင် karaoke,အတည်ပြုအရင်းအမြစ်ရှိ,https://www.viberate.com/music-charts/top-artists-from-myanmar/
စ,စိန်ဗိုလ်တင့်,စိန်ဗိုလ်တင့်,,Solo,အမျိုးသား,စိန်ဗိုလ်တင့်,စိန်ဗိုလ်တင့် karaoke,Myanmar Net directory,https://shwe.net/song/list.php
စ,စိန်လွင်,စိန်လွင်,,Solo,အမျိုးသား,စိန်လွင်,စိန်လွင် karaoke,အတည်ပြုအရင်းအမြစ်ရှိ,https://my.wikipedia.org/wiki/ကဏ္ဍ:မြန်မာ_အမျိုးသား_အဆိုတော်များ
စ,စိမ်းမို့မို့,စိမ်းမို့မို့,,Solo,အမျိုးသမီး,စိမ်းမို့မို့,စိမ်းမို့မို့ karaoke,အတည်ပြုအရင်းအမြစ်ရှိ,https://my.wikipedia.org/wiki/ကဏ္ဍ:မြန်မာ_အမျိုးသမီး_အဆိုတော်များ
စ,စိုင်းခမ်းသီ,စိုင်းခမ်းသီ,,Solo,အမျိုးသား,စိုင်းခမ်းသီ,စိုင်းခမ်းသီ karaoke,အတည်ပြုအရင်းအမြစ်ရှိ,https://my.wikipedia.org/wiki/ကဏ္ဍ:မြန်မာ_အမျိုးသား_အဆိုတော်များ
စ,စိုင်းစိုင်းခမ်းလှိုင်,စိုင်းစိုင်းခမ်းလှိုင်,Sai Sai Kham Leng,Solo,အမျိုးသား,"စိုင်းစိုင်းခမ်းလှိုင်, Sai Sai Kham Leng, SaiSaiKhamLeng",စိုင်းစိုင်းခမ်းလှိုင် karaoke,အတည်ပြုအရင်းအမြစ်ရှိ,https://my.wikipedia.org/wiki/ကဏ္ဍ:မြန်မာ_အမျိုးသား_အဆိုတော်များ
စ,စိုင်းဆိုင်မောဝ်,စိုင်းဆိုင်မောဝ်,Sai Saing Maw,Solo,မသတ်မှတ်,"စိုင်းဆိုင်မောဝ်, Sai Saing Maw, SaiSaingMaw",စိုင်းဆိုင်မောဝ် karaoke,အတည်ပြုအရင်းအမြစ်ရှိ,https://www.viberate.com/music-charts/top-artists-from-myanmar/
စ,စိုးစန္ဒာထွန်း,စိုးစန္ဒာထွန်း,,Solo,အမျိုးသမီး,စိုးစန္ဒာထွန်း,စိုးစန္ဒာထွန်း karaoke,အတည်ပြုအရင်းအမြစ်ရှိ,https://my.wikipedia.org/wiki/ကဏ္ဍ:မြန်မာ_အမျိုးသမီး_အဆိုတော်များ
စ,စိုးပိုင်,စိုးပိုင်,Soe Paing,Solo,အမျိုးသား,"စိုးပိုင်, Soe Paing, SoePaing",စိုးပိုင် karaoke,အတည်ပြုအရင်းအမြစ်ရှိ,https://my.wikipedia.org/wiki/ကဏ္ဍ:မြန်မာ_အမျိုးသား_အဆိုတော်များ
စ,စိုးပြည့်သဇင်,စိုးပြည့်သဇင်,,Solo,အမျိုးသမီး,စိုးပြည့်သဇင်,စိုးပြည့်သဇင် karaoke,Myanmar Net directory,https://shwe.net/song/list.php
စ,စိုးလွင်လွင်,စိုးလွင်လွင်,Soe Lwin Lwin,Solo,အမျိုးသား,"စိုးလွင်လွင်, Soe Lwin Lwin, SoeLwinLwin",စိုးလွင်လွင် karaoke,အတည်ပြုအရင်းအမြစ်ရှိ,https://my.wikipedia.org/wiki/ကဏ္ဍ:မြန်မာ_အမျိုးသား_အဆိုတော်များ
စ,စိုးသိန်း၊ ဓနုဖြူ,စိုးသိန်း၊ ဓနုဖြူ,,Solo,အမျိုးသား,"စိုးသိန်း၊ ဓနုဖြူ, စိုးသိန်း၊ဓနုဖြူ",စိုးသိန်း၊ ဓနုဖြူ karaoke,အတည်ပြုအရင်းအမြစ်ရှိ,https://my.wikipedia.org/wiki/ကဏ္ဍ:မြန်မာ_အမျိုးသား_အဆိုတော်များ
စ,စိုးသူ,စိုးသူ,Soe Thu,Solo,အမျိုးသား,"စိုးသူ, Soe Thu, SoeThu",စိုးသူ karaoke,အတည်ပြုအရင်းအမြစ်ရှိ,https://my.wikipedia.org/wiki/ကဏ္ဍ:မြန်မာ_အမျိုးသား_အဆိုတော်များ
စ,စုမြတ်နိုးဦး,စုမြတ်နိုးဦး,,Solo,အမျိုးသမီး,စုမြတ်နိုးဦး,စုမြတ်နိုးဦး karaoke,Myanmar Net directory,https://shwe.net/song/list.php
စ,စောဘွဲ့မှူး,စောဘွဲ့မှူး,,Solo,အမျိုးသား,စောဘွဲ့မှူး,စောဘွဲ့မှူး karaoke,Myanmar Net directory,https://shwe.net/song/list.php
စ,စောလားထော်ဝါး,စောလားထော်ဝါး,,Solo,အမျိုးသား,စောလားထော်ဝါး,စောလားထော်ဝါး karaoke,အတည်ပြုအရင်းအမြစ်ရှိ,https://my.wikipedia.org/wiki/ကဏ္ဍ:မြန်မာ_အမျိုးသား_အဆိုတော်များ
စ,စံလင်း,စံလင်း,,Solo,အမျိုးသား,စံလင်း,စံလင်း karaoke,Myanmar Net directory,https://shwe.net/song/list.php
စ,မစိမ်းစိမ်း,မစိမ်းစိမ်း,,Solo,အမျိုးသမီး,မစိမ်းစိမ်း,မစိမ်းစိမ်း karaoke,အတည်ပြုအရင်းအမြစ်ရှိ,https://my.wikipedia.org/wiki/ကဏ္ဍ:မြန်မာ_အမျိုးသမီး_အဆိုတော်များ
ဆ,ဆိုတေး,ဆိုတေး,So Tay,Solo,အမျိုးသား,"ဆိုတေး, So Tay, SoTay",ဆိုတေး karaoke,Myanmar Net directory,https://shwe.net/song/list.php
ဆ,ဆုန်သင်းပါရ်,ဆုန်သင်းပါရ်,Sone Thin Par,Solo,မသတ်မှတ်,"ဆုန်သင်းပါရ်, Sone Thin Par, SoneThinPar",ဆုန်သင်းပါရ် karaoke,အတည်ပြုအရင်းအမြစ်ရှိ,https://www.viberate.com/music-charts/top-artists-from-myanmar/
ဆ,ဆုပန်ထွာ,ဆုပန်ထွာ,,Solo,အမျိုးသမီး,ဆုပန်ထွာ,ဆုပန်ထွာ karaoke,အတည်ပြုအရင်းအမြစ်ရှိ,https://my.wikipedia.org/wiki/ကဏ္ဍ:မြန်မာ_အမျိုးသမီး_အဆိုတော်များ
ဆ,ဆောင်းဦးလှိုင်,ဆောင်းဦးလှိုင်,Saung Oo Hlaing,Solo,မသတ်မှတ်,"ဆောင်းဦးလှိုင်, Saung Oo Hlaing, SaungOoHlaing",ဆောင်းဦးလှိုင် karaoke,အတည်ပြုအရင်းအမြစ်ရှိ,https://www.viberate.com/music-charts/top-artists-from-myanmar/
ဆ,ဆွန်ကျဲအို၊ ဆလိုင်း,ဆွန်ကျဲအို၊ ဆလိုင်း,,Solo,အမျိုးသား,"ဆွန်ကျဲအို၊ ဆလိုင်း, ဆွန်ကျဲအို၊ဆလိုင်း",ဆွန်ကျဲအို၊ ဆလိုင်း karaoke,အတည်ပြုအရင်းအမြစ်ရှိ,https://my.wikipedia.org/wiki/ကဏ္ဍ:မြန်မာ_အမျိုးသား_အဆိုတော်များ
ဆ,ဆွေဇင်ထိုက်,ဆွေဇင်ထိုက်,,Solo,အမျိုးသမီး,ဆွေဇင်ထိုက်,ဆွေဇင်ထိုက် karaoke,Myanmar Net directory,https://shwe.net/song/list.php
ဇ,ဇေယျာသော်,ဇေယျာသော်,Zayar Thaw,Solo,အမျိုးသား,"ဇေယျာသော်, Zayar Thaw, ZayarThaw",ဇေယျာသော် karaoke,အတည်ပြုအရင်းအမြစ်ရှိ,https://my.wikipedia.org/wiki/ကဏ္ဍ:မြန်မာ_အမျိုးသား_အဆိုတော်များ
ဇ,ဇေရဲ,ဇေရဲ,,Solo,အမျိုးသား,ဇေရဲ,ဇေရဲ karaoke,Myanmar Net directory,https://shwe.net/song/list.php
ဇ,ဇော်ပိုင်,ဇော်ပိုင်,Zaw Paing,Solo,မသတ်မှတ်,"ဇော်ပိုင်, Zaw Paing, ZawPaing",ဇော်ပိုင် karaoke,အတည်ပြုအရင်းအမြစ်ရှိ,https://www.viberate.com/music-charts/top-artists-from-myanmar/
ဇ,ဇော်ဝင်းထွဋ်,ဇော်ဝင်းထွဋ်,Zaw Win Htut,Solo,အမျိုးသား,"ဇော်ဝင်းထွဋ်, Zaw Win Htut, ZawWinHtut",ဇော်ဝင်းထွဋ် karaoke,အတည်ပြုအရင်းအမြစ်ရှိ,https://my.wikipedia.org/wiki/ကဏ္ဍ:မြန်မာ_အမျိုးသား_အဆိုတော်များ
ဇ,ဇော်ဝင်းမောင်,ဇော်ဝင်းမောင်,,Solo,အမျိုးသား,ဇော်ဝင်းမောင်,ဇော်ဝင်းမောင် karaoke,Myanmar Net directory,https://shwe.net/song/list.php
ဇ,ဇော်ဝင်းရှိန်,ဇော်ဝင်းရှိန်,,Solo,အမျိုးသား,ဇော်ဝင်းရှိန်,ဇော်ဝင်းရှိန် karaoke,Myanmar Net directory,https://shwe.net/song/list.php
ဇ,ဇော်ဝမ်း,ဇော်ဝမ်း,,Solo,အမျိုးသား,ဇော်ဝမ်း,ဇော်ဝမ်း karaoke,အတည်ပြုအရင်းအမြစ်ရှိ,https://my.wikipedia.org/wiki/ကဏ္ဍ:မြန်မာ_အမျိုးသား_အဆိုတော်များ
ဇ,ဇွဲပြည့်,ဇွဲပြည့်,,Solo,အမျိုးသား,ဇွဲပြည့်,ဇွဲပြည့် karaoke,အတည်ပြုအရင်းအမြစ်ရှိ,https://my.wikipedia.org/wiki/ကဏ္ဍ:မြန်မာ_အမျိုးသား_အဆိုတော်များ
ည,ညီညီမောင်,ညီညီမောင်,,Solo,အမျိုးသား,ညီညီမောင်,ညီညီမောင် karaoke,Myanmar Net directory,https://shwe.net/song/list.php
ည,ညီညီလွင်,ညီညီလွင်,,Solo,အမျိုးသား,ညီညီလွင်,ညီညီလွင် karaoke,Myanmar Net directory,https://shwe.net/song/list.php
ည,ညွန့်ညွန့်စိန်,ညွန့်ညွန့်စိန်,,Solo,အမျိုးသမီး,ညွန့်ညွန့်စိန်,ညွန့်ညွန့်စိန် karaoke,အတည်ပြုအရင်းအမြစ်ရှိ,https://my.wikipedia.org/wiki/ကဏ္ဍ:မြန်မာ_အမျိုးသမီး_အဆိုတော်များ
ဌ,ဌေးဌေးမြင့်,ဌေးဌေးမြင့်,,Solo,အမျိုးသမီး,ဌေးဌေးမြင့်,ဌေးဌေးမြင့် karaoke,အတည်ပြုအရင်းအမြစ်ရှိ,https://my.wikipedia.org/wiki/ကဏ္ဍ:မြန်မာ_အမျိုးသမီး_အဆိုတော်များ
တ,တင်ဇာမော်,တင်ဇာမော်,Tin Zar Maw,Solo,အမျိုးသမီး,"တင်ဇာမော်, Tin Zar Maw, TinZarMaw",တင်ဇာမော် karaoke,အတည်ပြုအရင်းအမြစ်ရှိ,https://my.wikipedia.org/wiki/ကဏ္ဍ:မြန်မာ_အမျိုးသမီး_အဆိုတော်များ
တ,တင်တင်မာ,တင်တင်မာ,,Solo,အမျိုးသမီး,တင်တင်မာ,တင်တင်မာ karaoke,Myanmar Net directory,https://shwe.net/song/list.php
တ,တင်တင်မြ,တင်တင်မြ,,Solo,အမျိုးသမီး,တင်တင်မြ,တင်တင်မြ karaoke,အတည်ပြုအရင်းအမြစ်ရှိ,https://my.wikipedia.org/wiki/ကဏ္ဍ:မြန်မာ_အမျိုးသမီး_အဆိုတော်များ
တ,တင်မိုးခိုင်,တင်မိုးခိုင်,,Solo,အမျိုးသမီး,တင်မိုးခိုင်,တင်မိုးခိုင် karaoke,Myanmar Net directory,https://shwe.net/song/list.php
တ,တင်မျိုးအောင်,တင်မျိုးအောင်,,Solo,အမျိုးသား,တင်မျိုးအောင်,တင်မျိုးအောင် karaoke,Myanmar Net directory,https://shwe.net/song/list.php
တ,တင်လှိုင်,တင်လှိုင်,,Solo,အမျိုးသား,တင်လှိုင်,တင်လှိုင် karaoke,အတည်ပြုအရင်းအမြစ်ရှိ,https://my.wikipedia.org/wiki/ကဏ္ဍ:မြန်မာ_အမျိုးသား_အဆိုတော်များ
တ,တင်အုံး၊ ဒေါ်,တင်အုံး၊ ဒေါ်,,Solo,အမျိုးသမီး,"တင်အုံး၊ ဒေါ်, တင်အုံး၊ဒေါ်",တင်အုံး၊ ဒေါ် karaoke,အတည်ပြုအရင်းအမြစ်ရှိ,https://my.wikipedia.org/wiki/ကဏ္ဍ:မြန်မာ_အမျိုးသမီး_အဆိုတော်များ
တ,တင်အောင်မိုး,တင်အောင်မိုး,,Solo,အမျိုးသား,တင်အောင်မိုး,တင်အောင်မိုး karaoke,Myanmar Net directory,https://shwe.net/song/list.php
တ,တူးတူး,တူးတူး,,Solo,အမျိုးသား,တူးတူး,တူးတူး karaoke,Myanmar Net directory,https://shwe.net/song/list.php
တ,တွံတေးစိုးအောင်,တွံတေးစိုးအောင်,,Solo,အမျိုးသား,တွံတေးစိုးအောင်,တွံတေးစိုးအောင် karaoke,အတည်ပြုအရင်းအမြစ်ရှိ,https://my.wikipedia.org/wiki/ကဏ္ဍ:မြန်မာ_အမျိုးသား_အဆိုတော်များ
ထ,စိုင်းထီးဆိုင်,စိုင်းထီးဆိုင်,Sai Htee Saing,Solo,အမျိုးသား,"စိုင်းထီးဆိုင်, Sai Htee Saing, SaiHteeSaing",စိုင်းထီးဆိုင် karaoke,အတည်ပြုအရင်းအမြစ်ရှိ,https://my.wikipedia.org/wiki/ကဏ္ဍ:မြန်မာ_အမျိုးသား_အဆိုတော်များ
ထ,ထက်ထက် (Bobby Soxer),ထက်ထက် (Bobby Soxer),Bobby Soxer,Solo,အမျိုးသမီး,"ထက်ထက် (Bobby Soxer), Bobby Soxer, ထက်ထက်(BobbySoxer), BobbySoxer",ထက်ထက် (Bobby Soxer) karaoke,Myanmar Net directory,https://shwe.net/song/list.php
ထ,ထက်ယံ,ထက်ယံ,,Solo,မသတ်မှတ်,ထက်ယံ,ထက်ယံ karaoke,အတည်ပြုအရင်းအမြစ်ရှိ,https://www.viberate.com/music-charts/top-artists-from-myanmar/
ထ,ထရေစီ,ထရေစီ,,Solo,အမျိုးသမီး,ထရေစီ,ထရေစီ karaoke,Myanmar Net directory,https://shwe.net/song/list.php
ထ,ထား,ထား,,Solo,အမျိုးသမီး,ထား,ထား karaoke,အတည်ပြုအရင်းအမြစ်ရှိ,https://my.wikipedia.org/wiki/ကဏ္ဍ:မြန်မာ_အမျိုးသမီး_အဆိုတော်များ
ထ,ထိပ်တင်ဆန်း,ထိပ်တင်ဆန်း,,Solo,အမျိုးသား,ထိပ်တင်ဆန်း,ထိပ်တင်ဆန်း karaoke,အတည်ပြုအရင်းအမြစ်ရှိ,https://my.wikipedia.org/wiki/ကဏ္ဍ:မြန်မာ_အမျိုးသား_အဆိုတော်များ
ထ,ထူးအယ်လင်း,ထူးအယ်လင်း,Htoo El Linn,Solo,အမျိုးသား,"ထူးအယ်လင်း, Htoo El Linn, HtooElLinn",ထူးအယ်လင်း karaoke,Myanmar Net directory,https://shwe.net/song/list.php
ထ,ထူးအိမ်သင်,ထူးအိမ်သင်,Htoo Eain Thin,Solo,အမျိုးသား,"ထူးအိမ်သင်, Htoo Eain Thin, HtooEainThin",ထူးအိမ်သင် karaoke,အတည်ပြုအရင်းအမြစ်ရှိ,https://my.wikipedia.org/wiki/ကဏ္ဍ:မြန်မာ_အမျိုးသား_အဆိုတော်များ
ထ,ထွဏ်းခမ်,ထွဏ်းခမ်,,Solo,အမျိုးသား,ထွဏ်းခမ်,ထွဏ်းခမ် karaoke,အတည်ပြုအရင်းအမြစ်ရှိ,https://my.wikipedia.org/wiki/ကဏ္ဍ:မြန်မာ_အမျိုးသား_အဆိုတော်များ
ထ,ထွဏ်းထွဏ်း,ထွဏ်းထွဏ်း,,Solo,အမျိုးသား,ထွဏ်းထွဏ်း,ထွဏ်းထွဏ်း karaoke,Myanmar Net directory,https://shwe.net/song/list.php
ထ,ထွန်းထွန်း,ထွန်းထွန်း,Tun Tun,Solo,အမျိုးသား,"ထွန်းထွန်း, Tun Tun, TunTun",ထွန်းထွန်း karaoke,အတည်ပြုအရင်းအမြစ်ရှိ,https://my.wikipedia.org/wiki/ကဏ္ဍ:မြန်မာ_အမျိုးသား_အဆိုတော်များ
ထ,ထွန်းနောင်၊ တက္ကသိုလ်,ထွန်းနောင်၊ တက္ကသိုလ်,,Solo,အမျိုးသား,"ထွန်းနောင်၊ တက္ကသိုလ်, ထွန်းနောင်၊တက္ကသိုလ်",ထွန်းနောင်၊ တက္ကသိုလ် karaoke,အတည်ပြုအရင်းအမြစ်ရှိ,https://my.wikipedia.org/wiki/ကဏ္ဍ:မြန်မာ_အမျိုးသား_အဆိုတော်များ
ထ,ထွန်းရတီ,ထွန်းရတီ,,Solo,အမျိုးသမီး,ထွန်းရတီ,ထွန်းရတီ karaoke,Myanmar Net directory,https://shwe.net/song/list.php
ထ,ထွန်းဝေ,ထွန်းဝေ,,Solo,အမျိုးသား,ထွန်းဝေ,ထွန်းဝေ karaoke,Myanmar Net directory,https://shwe.net/song/list.php
ထ,ထွန်းအိန္ဒြာဗို,ထွန်းအိန္ဒြာဗို,,Solo,အမျိုးသမီး,ထွန်းအိန္ဒြာဗို,ထွန်းအိန္ဒြာဗို karaoke,အတည်ပြုအရင်းအမြစ်ရှိ,https://my.wikipedia.org/wiki/ကဏ္ဍ:မြန်မာ_အမျိုးသမီး_အဆိုတော်များ
ဒ,ဒိုးလုံး,ဒိုးလုံး,,Solo,အမျိုးသား,ဒိုးလုံး,ဒိုးလုံး karaoke,အတည်ပြုအရင်းအမြစ်ရှိ,https://my.wikipedia.org/wiki/ကဏ္ဍ:မြန်မာ_အမျိုးသား_အဆိုတော်များ
ဒ,ဒီရာမို,ဒီရာမို,,Solo,အမျိုးသား,ဒီရာမို,ဒီရာမို karaoke,Myanmar Net directory,https://shwe.net/song/list.php
ဒ,ဒေးဗစ် ခွန်နောင်,ဒေးဗစ် ခွန်နောင်,,Solo,အမျိုးသား,"ဒေးဗစ် ခွန်နောင်, ဒေးဗစ်ခွန်နောင်",ဒေးဗစ် ခွန်နောင် karaoke,Myanmar Net directory,https://shwe.net/song/list.php
ဒ,ဒေးဗစ်လိုင်,ဒေးဗစ်လိုင်,,Solo,အမျိုးသား,ဒေးဗစ်လိုင်,ဒေးဗစ်လိုင် karaoke,အတည်ပြုအရင်းအမြစ်ရှိ,https://my.wikipedia.org/wiki/ကဏ္ဍ:မြန်မာ_အမျိုးသား_အဆိုတော်များ
ဒ,ဒွေး,ဒွေး,Dwe,Solo,အမျိုးသား,"ဒွေး, Dwe",ဒွေး karaoke,အတည်ပြုအရင်းအမြစ်ရှိ,https://my.wikipedia.org/wiki/ကဏ္ဍ:မြန်မာ_အမျိုးသား_အဆိုတော်များ
ဓ,ဓီရာမိုရ်,ဓီရာမိုရ်,,Solo,အမျိုးသား,ဓီရာမိုရ်,ဓီရာမိုရ် karaoke,အတည်ပြုအရင်းအမြစ်ရှိ,https://my.wikipedia.org/wiki/ကဏ္ဍ:မြန်မာ_အမျိုးသား_အဆိုတော်များ
န,နန္ဒစိုင်း,နန္ဒစိုင်း,,Solo,အမျိုးသား,နန္ဒစိုင်း,နန္ဒစိုင်း karaoke,Myanmar Net directory,https://shwe.net/song/list.php
န,နန်းခမ်းနွဲ့လိတ်,နန်းခမ်းနွဲ့လိတ်,,Solo,အမျိုးသမီး,နန်းခမ်းနွဲ့လိတ်,နန်းခမ်းနွဲ့လိတ် karaoke,Myanmar Net directory,https://shwe.net/song/list.php
န,နန်းဆုရတီစိုး,နန်းဆုရတီစိုး,,Solo,မသတ်မှတ်,နန်းဆုရတီစိုး,နန်းဆုရတီစိုး karaoke,အတည်ပြုအရင်းအမြစ်ရှိ,https://www.viberate.com/music-charts/top-artists-from-myanmar/
န,နန်းမြတ်ဖြိုးသင်း,နန်းမြတ်ဖြိုးသင်း,,Solo,အမျိုးသမီး,နန်းမြတ်ဖြိုးသင်း,နန်းမြတ်ဖြိုးသင်း karaoke,Myanmar Net directory,https://shwe.net/song/list.php
န,နိုင်ဇော်,နိုင်ဇော်,,Solo,အမျိုးသား,နိုင်ဇော်,နိုင်ဇော် karaoke,Myanmar Net directory,https://shwe.net/song/list.php
န,နီနီခင်ဇော်,နီနီခင်ဇော်,Ni Ni Khin Zaw,Solo,အမျိုးသမီး,"နီနီခင်ဇော်, Ni Ni Khin Zaw, NiNiKhinZaw",နီနီခင်ဇော် karaoke,အတည်ပြုအရင်းအမြစ်ရှိ,https://my.wikipedia.org/wiki/ကဏ္ဍ:မြန်မာ_အမျိုးသမီး_အဆိုတော်များ
န,နီနီဝင်းရွှေ,နီနီဝင်းရွှေ,,Solo,အမျိုးသမီး,နီနီဝင်းရွှေ,နီနီဝင်းရွှေ karaoke,Myanmar Net directory,https://shwe.net/song/list.php
န,နေအောင်,နေအောင်,,Solo,အမျိုးသား,နေအောင်,နေအောင် karaoke,အတည်ပြုအရင်းအမြစ်ရှိ,https://my.wikipedia.org/wiki/ကဏ္ဍ:မြန်မာ_အမျိုးသား_အဆိုတော်များ
န,နောနော်,နောနော်,Naw Naw,Solo,အမျိုးသား,"နောနော်, Naw Naw, NawNaw",နောနော် karaoke,အတည်ပြုအရင်းအမြစ်ရှိ,https://my.wikipedia.org/wiki/ကဏ္ဍ:မြန်မာ_အမျိုးသား_အဆိုတော်များ
န,နောဖောဝါး,နောဖောဝါး,,Solo,အမျိုးသမီး,နောဖောဝါး,နောဖောဝါး karaoke,Myanmar Net directory,https://shwe.net/song/list.php
န,နွေးနွေးချစ်ဖွယ်,နွေးနွေးချစ်ဖွယ်,,Solo,အမျိုးသမီး,နွေးနွေးချစ်ဖွယ်,နွေးနွေးချစ်ဖွယ် karaoke,Myanmar Net directory,https://shwe.net/song/list.php
န,နွဲ့ယဉ်ဝင်း,နွဲ့ယဉ်ဝင်း,,Solo,အမျိုးသမီး,နွဲ့ယဉ်ဝင်း,နွဲ့ယဉ်ဝင်း karaoke,အတည်ပြုအရင်းအမြစ်ရှိ,https://my.wikipedia.org/wiki/ကဏ္ဍ:မြန်မာ_အမျိုးသမီး_အဆိုတော်များ
ပ,ပစ်တိုင်းထောင်,ပစ်တိုင်းထောင်,,Solo,အမျိုးသား,ပစ်တိုင်းထောင်,ပစ်တိုင်းထောင် karaoke,Myanmar Net directory,https://shwe.net/song/list.php
ပ,ပန်းရောင်ခြယ်,ပန်းရောင်ခြယ်,Pan Yaung Chel,Solo,အမျိုးသမီး,"ပန်းရောင်ခြယ်, Pan Yaung Chel, PanYaungChel",ပန်းရောင်ခြယ် karaoke,အတည်ပြုအရင်းအမြစ်ရှိ,https://my.wikipedia.org/wiki/ကဏ္ဍ:မြန်မာ_အမျိုးသမီး_အဆိုတော်များ
ပ,ပပဝင်းခင်,ပပဝင်းခင်,,Solo,အမျိုးသမီး,ပပဝင်းခင်,ပပဝင်းခင် karaoke,Myanmar Net directory,https://shwe.net/song/list.php
ပ,ပလေးဘွိုင်း သန်းနိုင်,ပလေးဘွိုင်း သန်းနိုင်,,Solo,အမျိုးသား,"ပလေးဘွိုင်း သန်းနိုင်, ပလေးဘွိုင်းသန်းနိုင်",ပလေးဘွိုင်း သန်းနိုင် karaoke,အတည်ပြုအရင်းအမြစ်ရှိ,https://my.wikipedia.org/wiki/ကဏ္ဍ:မြန်မာ_အမျိုးသား_အဆိုတော်များ
ပ,ပိုပို,ပိုပို,Po Po,Solo,အမျိုးသမီး,"ပိုပို, Po Po, PoPo",ပိုပို karaoke,အတည်ပြုအရင်းအမြစ်ရှိ,https://my.wikipedia.org/wiki/ကဏ္ဍ:မြန်မာ_အမျိုးသမီး_အဆိုတော်များ
ပ,ပိုပိုဟေသာ,ပိုပိုဟေသာ,,Solo,မသတ်မှတ်,ပိုပိုဟေသာ,ပိုပိုဟေသာ karaoke,အတည်ပြုအရင်းအမြစ်ရှိ,https://www.viberate.com/music-charts/top-artists-from-myanmar/
ပ,ပိုးဒါလီသိန်းတန်,ပိုးဒါလီသိန်းတန်,,Solo,အမျိုးသမီး,ပိုးဒါလီသိန်းတန်,ပိုးဒါလီသိန်းတန် karaoke,Myanmar Net directory,https://shwe.net/song/list.php
ပ,ပိုးအိစံ,ပိုးအိစံ,,Solo,အမျိုးသမီး,ပိုးအိစံ,ပိုးအိစံ karaoke,အတည်ပြုအရင်းအမြစ်ရှိ,https://my.wikipedia.org/wiki/ကဏ္ဍ:မြန်မာ_အမျိုးသမီး_အဆိုတော်များ
ပ,ပုလဲ,ပုလဲ,,Solo,အမျိုးသမီး,ပုလဲ,ပုလဲ karaoke,အတည်ပြုအရင်းအမြစ်ရှိ,https://my.wikipedia.org/wiki/ကဏ္ဍ:မြန်မာ_အမျိုးသမီး_အဆိုတော်များ
ပ,ပြည့်ဖြိုးပိုင်,ပြည့်ဖြိုးပိုင်,,Solo,အမျိုးသား,ပြည့်ဖြိုးပိုင်,ပြည့်ဖြိုးပိုင် karaoke,Myanmar Net directory,https://shwe.net/song/list.php
ဖ,ဖလုတ်ရို့စ်,ဖလုတ်ရို့စ်,,Solo,မသတ်မှတ်,ဖလုတ်ရို့စ်,ဖလုတ်ရို့စ် karaoke,အတည်ပြုအရင်းအမြစ်ရှိ,https://www.viberate.com/music-charts/top-artists-from-myanmar/
ဖ,ဖိုးကာ,ဖိုးကာ,Pho Kar,Solo,အမျိုးသား,"ဖိုးကာ, Pho Kar, PhoKar",ဖိုးကာ karaoke,အတည်ပြုအရင်းအမြစ်ရှိ,https://my.wikipedia.org/wiki/ကဏ္ဍ:မြန်မာ_အမျိုးသား_အဆိုတော်များ
ဖ,ဖိုးကျော်,ဖိုးကျော်,,Solo,အမျိုးသား,ဖိုးကျော်,ဖိုးကျော် karaoke,Myanmar Net directory,https://shwe.net/song/list.php
ဖ,ဖိုးချို,ဖိုးချို,Pho Cho,Solo,အမျိုးသား,"ဖိုးချို, Pho Cho, PhoCho",ဖိုးချို karaoke,Myanmar Net directory,https://shwe.net/song/list.php
ဖ,ဖိုးသောကြာ,ဖိုးသောကြာ,,Solo,အမျိုးသား,ဖိုးသောကြာ,ဖိုးသောကြာ karaoke,အတည်ပြုအရင်းအမြစ်ရှိ,https://my.wikipedia.org/wiki/ကဏ္ဍ:မြန်မာ_အမျိုးသား_အဆိုတော်များ
ဖ,ဖော်ကာ,ဖော်ကာ,,Solo,အမျိုးသား,ဖော်ကာ,ဖော်ကာ karaoke,အတည်ပြုအရင်းအမြစ်ရှိ,https://my.wikipedia.org/wiki/ကဏ္ဍ:မြန်မာ_အမျိုးသား_အဆိုတော်များ
ဖ,ဖြိုးကြီး,ဖြိုးကြီး,Phyo Gyi,Solo,မသတ်မှတ်,"ဖြိုးကြီး, Phyo Gyi, PhyoGyi",ဖြိုးကြီး karaoke,အတည်ပြုအရင်းအမြစ်ရှိ,https://www.viberate.com/music-charts/top-artists-from-myanmar/
ဖ,ဖြိုးပြည့်စုံ,ဖြိုးပြည့်စုံ,Phyo Pyae Sone,Solo,အမျိုးသား,"ဖြိုးပြည့်စုံ, Phyo Pyae Sone, PhyoPyaeSone",ဖြိုးပြည့်စုံ karaoke,အတည်ပြုအရင်းအမြစ်ရှိ,https://my.wikipedia.org/wiki/ကဏ္ဍ:မြန်မာ_အမျိုးသား_အဆိုတော်များ
ဖ,ဖြိုးလေး,ဖြိုးလေး,,Solo,အမျိုးသား,ဖြိုးလေး,ဖြိုးလေး karaoke,Myanmar Net directory,https://shwe.net/song/list.php
ဖ,ဖြူဖြူကျော်သိန်း,ဖြူဖြူကျော်သိန်း,Phyu Phyu Kyaw Thein,Solo,အမျိုးသမီး,"ဖြူဖြူကျော်သိန်း, Phyu Phyu Kyaw Thein, PhyuPhyuKyawThein",ဖြူဖြူကျော်သိန်း karaoke,အတည်ပြုအရင်းအမြစ်ရှိ,https://my.wikipedia.org/wiki/ကဏ္ဍ:မြန်မာ_အမျိုးသမီး_အဆိုတော်များ
ဖ,ဖြူသီ,ဖြူသီ,,Solo,အမျိုးသမီး,ဖြူသီ,ဖြူသီ karaoke,အတည်ပြုအရင်းအမြစ်ရှိ,https://my.wikipedia.org/wiki/ကဏ္ဍ:မြန်မာ_အမျိုးသမီး_အဆိုတော်များ
ဗ,ဗစ်တာခင်ညို,ဗစ်တာခင်ညို,,Solo,အမျိုးသား,ဗစ်တာခင်ညို,ဗစ်တာခင်ညို karaoke,အတည်ပြုအရင်းအမြစ်ရှိ,https://my.wikipedia.org/wiki/ကဏ္ဍ:မြန်မာ_အမျိုးသား_အဆိုတော်များ
ဗ,ဗညားဟန်,ဗညားဟန်,,Solo,အမျိုးသား,ဗညားဟန်,ဗညားဟန် karaoke,Myanmar Net directory,https://shwe.net/song/list.php
ဗ,ဗဒင်,ဗဒင်,Ba Din,Solo,အမျိုးသား,"ဗဒင်, Ba Din, BaDin",ဗဒင် karaoke,အတည်ပြုအရင်းအမြစ်ရှိ,https://my.wikipedia.org/wiki/ကဏ္ဍ:မြန်မာ_အမျိုးသား_အဆိုတော်များ
ဗ,ဗလ,ဗလ,,Solo,အမျိုးသား,ဗလ,ဗလ karaoke,Myanmar Net directory,https://shwe.net/song/list.php
ဗ,ဗိုဟိန်း,ဗိုဟိန်း,,Solo,အမျိုးသား,ဗိုဟိန်း,ဗိုဟိန်း karaoke,Myanmar Net directory,https://shwe.net/song/list.php
ဗ,ဗျူဟာ,ဗျူဟာ,,Solo,အမျိုးသား,ဗျူဟာ,ဗျူဟာ karaoke,အတည်ပြုအရင်းအမြစ်ရှိ,https://my.wikipedia.org/wiki/ကဏ္ဍ:မြန်မာ_အမျိုးသား_အဆိုတော်များ
ဘ,ဘန်နီဖြိုး,ဘန်နီဖြိုး,Bunny Phyoe,Solo,အမျိုးသား,"ဘန်နီဖြိုး, Bunny Phyoe, BunnyPhyoe",ဘန်နီဖြိုး karaoke,အတည်ပြုအရင်းအမြစ်ရှိ,https://my.wikipedia.org/wiki/ကဏ္ဍ:မြန်မာ_အမျိုးသား_အဆိုတော်များ
ဘ,ဘရိတ်ကီ,ဘရိတ်ကီ,,Solo,အမျိုးသား,ဘရိတ်ကီ,ဘရိတ်ကီ karaoke,Myanmar Net directory,https://shwe.net/song/list.php
ဘ,ဘိုဖြူ,ဘိုဖြူ,Bo Phyu,Solo,အမျိုးသား,"ဘိုဖြူ, Bo Phyu, BoPhyu",ဘိုဖြူ karaoke,Myanmar Net directory,https://shwe.net/song/list.php
ဘ,ဘိုဘို,ဘိုဘို,,Solo,အမျိုးသား,ဘိုဘို,ဘိုဘို karaoke,Myanmar Net directory,https://shwe.net/song/list.php
ဘ,ဘိုဘိုဟန်,ဘိုဘိုဟန်,,Solo,အမျိုးသား,ဘိုဘိုဟန်,ဘိုဘိုဟန် karaoke,အတည်ပြုအရင်းအမြစ်ရှိ,https://my.wikipedia.org/wiki/ကဏ္ဍ:မြန်မာ_အမျိုးသား_အဆိုတော်များ
ဘ,ဘော်ဘီဆော်ဆာ,ဘော်ဘီဆော်ဆာ,,Solo,အမျိုးသမီး,ဘော်ဘီဆော်ဆာ,ဘော်ဘီဆော်ဆာ karaoke,အတည်ပြုအရင်းအမြစ်ရှိ,https://my.wikipedia.org/wiki/ကဏ္ဍ:မြန်မာ_အမျိုးသမီး_အဆိုတော်များ
မ,မင်းနောင်,မင်းနောင်,,Solo,အမျိုးသား,မင်းနောင်,မင်းနောင် karaoke,အတည်ပြုအရင်းအမြစ်ရှိ,https://my.wikipedia.org/wiki/ကဏ္ဍ:မြန်မာ_အမျိုးသား_အဆိုတော်များ
မ,မင်းမင်း,မင်းမင်း,,Solo,အမျိုးသား,မင်းမင်း,မင်းမင်း karaoke,Myanmar Net directory,https://shwe.net/song/list.php
မ,မင်းမင်းလတ်,မင်းမင်းလတ်,,Solo,အမျိုးသား,မင်းမင်းလတ်,မင်းမင်းလတ် karaoke,အတည်ပြုအရင်းအမြစ်ရှိ,https://my.wikipedia.org/wiki/ကဏ္ဍ:မြန်မာ_အမျိုးသား_အဆိုတော်များ
မ,မင်းမော်ကွန်း,မင်းမော်ကွန်း,,Solo,အမျိုးသား,မင်းမော်ကွန်း,မင်းမော်ကွန်း karaoke,အတည်ပြုအရင်းအမြစ်ရှိ,https://my.wikipedia.org/wiki/ကဏ္ဍ:မြန်မာ_အမျိုးသား_အဆိုတော်များ
မ,မင်းသွေး,မင်းသွေး,,Solo,အမျိုးသား,မင်းသွေး,မင်းသွေး karaoke,အတည်ပြုအရင်းအမြစ်ရှိ,https://my.wikipedia.org/wiki/ကဏ္ဍ:မြန်မာ_အမျိုးသား_အဆိုတော်များ
မ,မင်းအောင်,မင်းအောင်,,Solo,အမျိုးသား,မင်းအောင်,မင်းအောင် karaoke,အတည်ပြုအရင်းအမြစ်ရှိ,https://my.wikipedia.org/wiki/ကဏ္ဍ:မြန်မာ_အမျိုးသား_အဆိုတော်များ
မ,မဒီ,မဒီ,,Solo,အမျိုးသမီး,မဒီ,မဒီ karaoke,Myanmar Net directory,https://shwe.net/song/list.php
မ,မနော,မနော,Ma Naw,Solo,အမျိုးသား,"မနော, Ma Naw, MaNaw",မနော karaoke,Myanmar Net directory,https://shwe.net/song/list.php
မ,မန္တလာမြင့်,မန္တလာမြင့်,,Solo,အမျိုးသမီး,မန္တလာမြင့်,မန္တလာမြင့် karaoke,အတည်ပြုအရင်းအမြစ်ရှိ,https://my.wikipedia.org/wiki/ကဏ္ဍ:မြန်မာ_အမျိုးသမီး_အဆိုတော်များ
မ,မန္တလေးသိန်းဇော်,မန္တလေးသိန်းဇော်,,Solo,အမျိုးသား,မန္တလေးသိန်းဇော်,မန္တလေးသိန်းဇော် karaoke,Myanmar Net directory,https://shwe.net/song/list.php
မ,မယ်လိုဒီ,မယ်လိုဒီ,,Solo,အမျိုးသမီး,မယ်လိုဒီ,မယ်လိုဒီ karaoke,အတည်ပြုအရင်းအမြစ်ရှိ,https://my.wikipedia.org/wiki/ကဏ္ဍ:မြန်မာ_အမျိုးသမီး_အဆိုတော်များ
မ,မာမာအေး,မာမာအေး,,Solo,အမျိုးသမီး,မာမာအေး,မာမာအေး karaoke,အတည်ပြုအရင်းအမြစ်ရှိ,https://my.wikipedia.org/wiki/ကဏ္ဍ:မြန်မာ_အမျိုးသမီး_အဆိုတော်များ
မ,မာရဇ္ဇ,မာရဇ္ဇ,Marriza,Solo,အမျိုးသား,"မာရဇ္ဇ, Marriza",မာရဇ္ဇ karaoke,အတည်ပြုအရင်းအမြစ်ရှိ,https://my.wikipedia.org/wiki/ကဏ္ဍ:မြန်မာ_အမျိုးသား_အဆိုတော်များ
မ,မိစန္ဒီ,မိစန္ဒီ,Mi Sandi,Solo,အမျိုးသမီး,"မိစန္ဒီ, Mi Sandi, MiSandi",မိစန္ဒီ karaoke,Myanmar Net directory,https://shwe.net/song/list.php
မ,မို့မို့,မို့မို့,,Solo,အမျိုးသမီး,မို့မို့,မို့မို့ karaoke,အတည်ပြုအရင်းအမြစ်ရှိ,https://my.wikipedia.org/wiki/ကဏ္ဍ:မြန်မာ_အမျိုးသမီး_အဆိုတော်များ
မ,မို့မို့ဇော်ဝင်း,မို့မို့ဇော်ဝင်း,Moh Moh Zaw Win,Solo,အမျိုးသမီး,"မို့မို့ဇော်ဝင်း, Moh Moh Zaw Win, MohMohZawWin",မို့မို့ဇော်ဝင်း karaoke,Myanmar Net directory,https://shwe.net/song/list.php
မ,မို့မို့လွင်,မို့မို့လွင်,,Solo,အမျိုးသမီး,မို့မို့လွင်,မို့မို့လွင် karaoke,Myanmar Net directory,https://shwe.net/song/list.php
မ,မိုးမိုး,မိုးမိုး,,Solo,အမျိုးသား,မိုးမိုး,မိုးမိုး karaoke,အတည်ပြုအရင်းအမြစ်ရှိ,https://my.wikipedia.org/wiki/ကဏ္ဍ:မြန်မာ_အမျိုးသား_အဆိုတော်များ
မ,မိုးဟေကို,မိုးဟေကို,,Solo,အမျိုးသမီး,မိုးဟေကို,မိုးဟေကို karaoke,Myanmar Net directory,https://shwe.net/song/list.php
မ,မီမီဝင်းဖေ,မီမီဝင်းဖေ,,Solo,အမျိုးသမီး,မီမီဝင်းဖေ,မီမီဝင်းဖေ karaoke,အတည်ပြုအရင်းအမြစ်ရှိ,https://my.wikipedia.org/wiki/ကဏ္ဍ:မြန်မာ_အမျိုးသမီး_အဆိုတော်များ
မ,မီးမီးခဲ,မီးမီးခဲ,Mee Mee Khel,Solo,အမျိုးသမီး,"မီးမီးခဲ, Mee Mee Khel, MeeMeeKhel",မီးမီးခဲ karaoke,အတည်ပြုအရင်းအမြစ်ရှိ,https://my.wikipedia.org/wiki/ကဏ္ဍ:မြန်မာ_အမျိုးသမီး_အဆိုတော်များ
မ,မေ,မေ,,Solo,မသတ်မှတ်,မေ,မေ karaoke,အတည်ပြုအရင်းအမြစ်ရှိ,https://www.viberate.com/music-charts/top-artists-from-myanmar/
မ,မေခလာ,မေခလာ,May Sweet? / May Kha Lar,Solo,အမျိုးသမီး,"မေခလာ, May Sweet? / May Kha Lar, MaySweet?/MayKhaLar",မေခလာ karaoke,အတည်ပြုအရင်းအမြစ်ရှိ,https://my.wikipedia.org/wiki/ကဏ္ဍ:မြန်မာ_အမျိုးသမီး_အဆိုတော်များ
မ,မေစပယ်ညို,မေစပယ်ညို,,Solo,အမျိုးသမီး,မေစပယ်ညို,မေစပယ်ညို karaoke,Myanmar Net directory,https://shwe.net/song/list.php
မ,မေဆွိ,မေဆွိ,May Sweet,Solo,အမျိုးသမီး,"မေဆွိ, May Sweet, MaySweet",မေဆွိ karaoke,အတည်ပြုအရင်းအမြစ်ရှိ,https://my.wikipedia.org/wiki/ကဏ္ဍ:မြန်မာ_အမျိုးသမီး_အဆိုတော်များ
မ,မေနု,မေနု,,Solo,အမျိုးသမီး,မေနု,မေနု karaoke,အတည်ပြုအရင်းအမြစ်ရှိ,https://my.wikipedia.org/wiki/ကဏ္ဍ:မြန်မာ_အမျိုးသမီး_အဆိုတော်များ
မ,မေပုလဲသွယ်,မေပုလဲသွယ်,,Solo,အမျိုးသမီး,မေပုလဲသွယ်,မေပုလဲသွယ် karaoke,Myanmar Net directory,https://shwe.net/song/list.php
မ,မေရွက်ဝါ,မေရွက်ဝါ,,Solo,အမျိုးသမီး,မေရွက်ဝါ,မေရွက်ဝါ karaoke,Myanmar Net directory,https://shwe.net/song/list.php
မ,မေရှင်,မေရှင်,,Solo,အမျိုးသမီး,မေရှင်,မေရှင် karaoke,အတည်ပြုအရင်းအမြစ်ရှိ,https://my.wikipedia.org/wiki/ကဏ္ဍ:မြန်မာ_အမျိုးသမီး_အဆိုတော်များ
မ,မေလသံစဉ်,မေလသံစဉ်,,Solo,မသတ်မှတ်,မေလသံစဉ်,မေလသံစဉ် karaoke,အတည်ပြုအရင်းအမြစ်ရှိ,https://www.viberate.com/music-charts/top-artists-from-myanmar/
မ,မေလှမြိုင်,မေလှမြိုင်,,Solo,အမျိုးသမီး,မေလှမြိုင်,မေလှမြိုင် karaoke,အတည်ပြုအရင်းအမြစ်ရှိ,https://my.wikipedia.org/wiki/ကဏ္ဍ:မြန်မာ_အမျိုးသမီး_အဆိုတော်များ
မ,မေသက်ခိုင်,မေသက်ခိုင်,,Solo,အမျိုးသမီး,မေသက်ခိုင်,မေသက်ခိုင် karaoke,အတည်ပြုအရင်းအမြစ်ရှိ,https://my.wikipedia.org/wiki/ကဏ္ဍ:မြန်မာ_အမျိုးသမီး_အဆိုတော်များ
မ,မေသက်ထားဆွေ,မေသက်ထားဆွေ,May Thet Htar Swe,Solo,အမျိုးသမီး,"မေသက်ထားဆွေ, May Thet Htar Swe, MayThetHtarSwe",မေသက်ထားဆွေ karaoke,အတည်ပြုအရင်းအမြစ်ရှိ,User correction
မ,မောင်ကိုကို (ဂီတလုလင်),မောင်ကိုကို (ဂီတလုလင်),,Solo,အမျိုးသား,"မောင်ကိုကို (ဂီတလုလင်), မောင်ကိုကို(ဂီတလုလင်)",မောင်ကိုကို (ဂီတလုလင်) karaoke,အတည်ပြုအရင်းအမြစ်ရှိ,https://my.wikipedia.org/wiki/ကဏ္ဍ:မြန်မာ_အမျိုးသား_အဆိုတော်များ
မ,မောင်မောင်ကြီး,မောင်မောင်ကြီး,,Solo,အမျိုးသား,မောင်မောင်ကြီး,မောင်မောင်ကြီး karaoke,အတည်ပြုအရင်းအမြစ်ရှိ,https://my.wikipedia.org/wiki/ကဏ္ဍ:မြန်မာ_အမျိုးသား_အဆိုတော်များ
မ,မောင်မောင်ဇော်လတ်,မောင်မောင်ဇော်လတ်,,Solo,အမျိုးသား,မောင်မောင်ဇော်လတ်,မောင်မောင်ဇော်လတ် karaoke,Myanmar Net directory,https://shwe.net/song/list.php
လ,လေးဖြူ,လေးဖြူ,Lay Phyu,Solo,အမျိုးသား,"လေးဖြူ, Lay Phyu, LayPhyu",လေးဖြူ karaoke,အတည်ပြုအရင်းအမြစ်ရှိ,https://my.wikipedia.org/wiki/ကဏ္ဍ:မြန်မာ_အမျိုးသား_အဆိုတော်များ
မ,မျိုးကျော့မြိုင်,မျိုးကျော့မြိုင်,Myo Kyawt Myaing,Solo,အမျိုးသား,"မျိုးကျော့မြိုင်, Myo Kyawt Myaing, MyoKyawtMyaing",မျိုးကျော့မြိုင် karaoke,အတည်ပြုအရင်းအမြစ်ရှိ,https://my.wikipedia.org/wiki/ကဏ္ဍ:မြန်မာ_အမျိုးသား_အဆိုတော်များ
မ,မျိုးကြီး,မျိုးကြီး,Myo Gyi,Solo,အမျိုးသား,"မျိုးကြီး, Myo Gyi, MyoGyi",မျိုးကြီး karaoke,အတည်ပြုအရင်းအမြစ်ရှိ,https://my.wikipedia.org/wiki/ကဏ္ဍ:မြန်မာ_အမျိုးသား_အဆိုတော်များ
မ,မြကြီး,မြကြီး,,Solo,အမျိုးသား,မြကြီး,မြကြီး karaoke,အတည်ပြုအရင်းအမြစ်ရှိ,https://my.wikipedia.org/wiki/ကဏ္ဍ:မြန်မာ_အမျိုးသား_အဆိုတော်များ
မ,မြင့်မိုးအောင်,မြင့်မိုးအောင်,,Solo,အမျိုးသား,မြင့်မိုးအောင်,မြင့်မိုးအောင် karaoke,Myanmar Net directory,https://shwe.net/song/list.php
မ,မြင့်မြင့်ခင်,မြင့်မြင့်ခင်,,Solo,အမျိုးသမီး,မြင့်မြင့်ခင်,မြင့်မြင့်ခင် karaoke,အတည်ပြုအရင်းအမြစ်ရှိ,https://my.wikipedia.org/wiki/ကဏ္ဍ:မြန်မာ_အမျိုးသမီး_အဆိုတော်များ
မ,မြင့်မြင့်ခိုင်,မြင့်မြင့်ခိုင်,,Solo,အမျိုးသမီး,မြင့်မြင့်ခိုင်,မြင့်မြင့်ခိုင် karaoke,အတည်ပြုအရင်းအမြစ်ရှိ,https://my.wikipedia.org/wiki/ကဏ္ဍ:မြန်မာ_အမျိုးသမီး_အဆိုတော်များ
မ,မြသီတာ,မြသီတာ,,Solo,အမျိုးသမီး,မြသီတာ,မြသီတာ karaoke,အတည်ပြုအရင်းအမြစ်ရှိ,https://my.wikipedia.org/wiki/ကဏ္ဍ:မြန်မာ_အမျိုးသမီး_အဆိုတော်များ
မ,မွန်းအောင်,မွန်းအောင်,,Solo,အမျိုးသား,မွန်းအောင်,မွန်းအောင် karaoke,အတည်ပြုအရင်းအမြစ်ရှိ,https://my.wikipedia.org/wiki/ကဏ္ဍ:မြန်မာ_အမျိုးသား_အဆိုတော်များ
ယ,ယုဇန,ယုဇန,Yuzana,Solo,အမျိုးသမီး,"ယုဇန, Yuzana",ယုဇန karaoke,Myanmar Net directory,https://shwe.net/song/list.php
ယ,ယုန်လေး,ယုန်လေး,Yone Lay,Solo,အမျိုးသား,"ယုန်လေး, Yone Lay, YoneLay",ယုန်လေး karaoke,Myanmar Net directory,https://shwe.net/song/list.php
ယ,ယူတီစီ ရွှေနှင်းဆီ,ယူတီစီ ရွှေနှင်းဆီ,,Solo,အမျိုးသမီး,"ယူတီစီ ရွှေနှင်းဆီ, ယူတီစီရွှေနှင်းဆီ",ယူတီစီ ရွှေနှင်းဆီ karaoke,အတည်ပြုအရင်းအမြစ်ရှိ,https://my.wikipedia.org/wiki/ကဏ္ဍ:မြန်မာ_အမျိုးသမီး_အဆိုတော်များ
ယ,ယွန်းမြတ်သူ,ယွန်းမြတ်သူ,,Solo,အမျိုးသမီး,ယွန်းမြတ်သူ,ယွန်းမြတ်သူ karaoke,အတည်ပြုအရင်းအမြစ်ရှိ,https://my.wikipedia.org/wiki/ကဏ္ဍ:မြန်မာ_အမျိုးသမီး_အဆိုတော်များ
ရ,ရင်ဂို,ရင်ဂို,Ringo,Solo,မသတ်မှတ်,"ရင်ဂို, Ringo",ရင်ဂို karaoke,အတည်ပြုအရင်းအမြစ်ရှိ,https://www.viberate.com/music-charts/top-artists-from-myanmar/
ရ,ရတနာမိုင်,ရတနာမိုင်,Yadanar My,Solo,အမျိုးသမီး,"ရတနာမိုင်, Yadanar My, YadanarMy",ရတနာမိုင် karaoke,အတည်ပြုအရင်းအမြစ်ရှိ,https://my.wikipedia.org/wiki/ကဏ္ဍ:မြန်မာ_အမျိုးသမီး_အဆိုတော်များ
ရ,ရန်ရန်ချမ်း,ရန်ရန်ချမ်း,,Solo,အမျိုးသား,ရန်ရန်ချမ်း,ရန်ရန်ချမ်း karaoke,အတည်ပြုအရင်းအမြစ်ရှိ,https://my.wikipedia.org/wiki/ကဏ္ဍ:မြန်မာ_အမျိုးသား_အဆိုတော်များ
ရ,ရန်အောင်,ရန်အောင်,,Solo,အမျိုးသား,ရန်အောင်,ရန်အောင် karaoke,အတည်ပြုအရင်းအမြစ်ရှိ,https://my.wikipedia.org/wiki/ကဏ္ဍ:မြန်မာ_အမျိုးသား_အဆိုတော်များ
ရ,ရသ,ရသ,,Solo,အမျိုးသား,ရသ,ရသ karaoke,Myanmar Net directory,https://shwe.net/song/list.php
ရ,ရာဇာနေဝင်း,ရာဇာနေဝင်း,,Solo,အမျိုးသား,ရာဇာနေဝင်း,ရာဇာနေဝင်း karaoke,အတည်ပြုအရင်းအမြစ်ရှိ,https://my.wikipedia.org/wiki/ကဏ္ဍ:မြန်မာ_အမျိုးသား_အဆိုတော်များ
ရ,ရေဗက္ကဝင်း,ရေဗက္ကဝင်း,,Solo,အမျိုးသမီး,ရေဗက္ကဝင်း,ရေဗက္ကဝင်း karaoke,Myanmar Net directory,https://shwe.net/song/list.php
ရ,ရေမွန်,ရေမွန်,Raymond,Solo,အမျိုးသား,"ရေမွန်, Raymond",ရေမွန် karaoke,အတည်ပြုအရင်းအမြစ်ရှိ,https://my.wikipedia.org/wiki/ကဏ္ဍ:မြန်မာ_အမျိုးသား_အဆိုတော်များ
ရ,ရဲရင့်အောင်,ရဲရင့်အောင်,Ye Yint Aung,Solo,အမျိုးသား,"ရဲရင့်အောင်, Ye Yint Aung, YeYintAung",ရဲရင့်အောင် karaoke,အတည်ပြုအရင်းအမြစ်ရှိ,https://my.wikipedia.org/wiki/ကဏ္ဍ:မြန်မာ_အမျိုးသား_အဆိုတော်များ
ရ,ရဲလေး,ရဲလေး,Ye Lay,Solo,အမျိုးသား,"ရဲလေး, Ye Lay, YeLay",ရဲလေး karaoke,အတည်ပြုအရင်းအမြစ်ရှိ,https://my.wikipedia.org/wiki/ကဏ္ဍ:မြန်မာ_အမျိုးသား_အဆိုတော်များ
ရ,ရဲလွင် (မဇ္ဈိမလှိုင်း),ရဲလွင် (မဇ္ဈိမလှိုင်း),,Solo,အမျိုးသား,"ရဲလွင် (မဇ္ဈိမလှိုင်း), ရဲလွင်(မဇ္ဈိမလှိုင်း)",ရဲလွင် (မဇ္ဈိမလှိုင်း) karaoke,အတည်ပြုအရင်းအမြစ်ရှိ,https://my.wikipedia.org/wiki/ကဏ္ဍ:မြန်မာ_အမျိုးသား_အဆိုတော်များ
ရ,ရွှေထူး,ရွှေထူး,Shwe Htoo,Solo,မသတ်မှတ်,"ရွှေထူး, Shwe Htoo, ShweHtoo",ရွှေထူး karaoke,အတည်ပြုအရင်းအမြစ်ရှိ,https://www.viberate.com/music-charts/top-artists-from-myanmar/
ရ,ရွှေရည်သိန်းတန်,ရွှေရည်သိန်းတန်,,Solo,အမျိုးသမီး,ရွှေရည်သိန်းတန်,ရွှေရည်သိန်းတန် karaoke,Myanmar Net directory,https://shwe.net/song/list.php
ရ,ရွှေလိပ်ပြာ,ရွှေလိပ်ပြာ,,Solo,အမျိုးသမီး,ရွှေလိပ်ပြာ,ရွှေလိပ်ပြာ karaoke,အတည်ပြုအရင်းအမြစ်ရှိ,https://my.wikipedia.org/wiki/ကဏ္ဍ:မြန်မာ_အမျိုးသမီး_အဆိုတော်များ
လ,ပြည်လှဖေ,ပြည်လှဖေ,,Solo,အမျိုးသား,ပြည်လှဖေ,ပြည်လှဖေ karaoke,အတည်ပြုအရင်းအမြစ်ရှိ,https://my.wikipedia.org/wiki/ကဏ္ဍ:မြန်မာ_အမျိုးသား_အဆိုတော်များ
လ,လင်းနစ်,လင်းနစ်,,Solo,အမျိုးသား,လင်းနစ်,လင်းနစ် karaoke,အတည်ပြုအရင်းအမြစ်ရှိ,https://my.wikipedia.org/wiki/ကဏ္ဍ:မြန်မာ_အမျိုးသား_အဆိုတော်များ
လ,လင်းလင်း,လင်းလင်း,Linn Linn,Solo,အမျိုးသား,"လင်းလင်း, Linn Linn, LinnLinn",လင်းလင်း karaoke,အတည်ပြုအရင်းအမြစ်ရှိ,https://my.wikipedia.org/wiki/ကဏ္ဍ:မြန်မာ_အမျိုးသား_အဆိုတော်များ
လ,လာဇရု,လာဇရု,,Solo,အမျိုးသား,လာဇရု,လာဇရု karaoke,အတည်ပြုအရင်းအမြစ်ရှိ,https://my.wikipedia.org/wiki/ကဏ္ဍ:မြန်မာ_အမျိုးသား_အဆိုတော်များ
လ,လိမ္မော်သီး,လိမ္မော်သီး,,Solo,အမျိုးသမီး,လိမ္မော်သီး,လိမ္မော်သီး karaoke,Myanmar Net directory,https://shwe.net/song/list.php
လ,လူမင်း,လူမင်း,,Solo,အမျိုးသား,လူမင်း,လူမင်း karaoke,Myanmar Net directory,https://shwe.net/song/list.php
လ,လေးလေးဝါး,လေးလေးဝါး,,Solo,အမျိုးသမီး,လေးလေးဝါး,လေးလေးဝါး karaoke,Myanmar Net directory,https://shwe.net/song/list.php
လ,လွှမ်းပိုင်,လွှမ်းပိုင်,Hlwan Paing,Solo,အမျိုးသား,"လွှမ်းပိုင်, Hlwan Paing, HlwanPaing",လွှမ်းပိုင် karaoke,အတည်ပြုအရင်းအမြစ်ရှိ,https://my.wikipedia.org/wiki/ကဏ္ဍ:မြန်မာ_အမျိုးသား_အဆိုတော်များ
လ,လွှမ်းမိုး,လွှမ်းမိုး,,Solo,အမျိုးသား,လွှမ်းမိုး,လွှမ်းမိုး karaoke,အတည်ပြုအရင်းအမြစ်ရှိ,https://my.wikipedia.org/wiki/ကဏ္ဍ:မြန်မာ_အမျိုးသား_အဆိုတော်များ
လ,လှိုင်ဘွား,လှိုင်ဘွား,,Solo,အမျိုးသား,လှိုင်ဘွား,လှိုင်ဘွား karaoke,Myanmar Net directory,https://shwe.net/song/list.php
လ,လှိုင်ဦးမော်,လှိုင်ဦးမော်,,Solo,အမျိုးသား,လှိုင်ဦးမော်,လှိုင်ဦးမော် karaoke,Myanmar Net directory,https://shwe.net/song/list.php
ဝ,ဝင်းဦး,ဝင်းဦး,,Solo,အမျိုးသား,ဝင်းဦး,ဝင်းဦး karaoke,အတည်ပြုအရင်းအမြစ်ရှိ,https://my.wikipedia.org/wiki/ကဏ္ဍ:မြန်မာ_အမျိုးသား_အဆိုတော်များ
ဝ,ဝိုင်ဝိုင်း,ဝိုင်ဝိုင်း,Y Wine,Solo,အမျိုးသား,"ဝိုင်ဝိုင်း, Y Wine, YWine",ဝိုင်ဝိုင်း karaoke,အတည်ပြုအရင်းအမြစ်ရှိ,https://my.wikipedia.org/wiki/ကဏ္ဍ:မြန်မာ_အမျိုးသား_အဆိုတော်များ
ဝ,ဝိုင်း,ဝိုင်း,,Solo,အမျိုးသမီး,ဝိုင်း,ဝိုင်း karaoke,Myanmar Net directory,https://shwe.net/song/list.php
ဝ,ဝိုင်းစုခိုင်သိန်း,ဝိုင်းစုခိုင်သိန်း,Wyne Su Khaing Thein,Solo,အမျိုးသမီး,"ဝိုင်းစုခိုင်သိန်း, Wyne Su Khaing Thein, WyneSuKhaingThein",ဝိုင်းစုခိုင်သိန်း karaoke,အတည်ပြုအရင်းအမြစ်ရှိ,https://my.wikipedia.org/wiki/ကဏ္ဍ:မြန်မာ_အမျိုးသမီး_အဆိုတော်များ
ဝ,ဝိုင်းလေး,ဝိုင်းလေး,Wyne Lay,Solo,အမျိုးသမီး,"ဝိုင်းလေး, Wyne Lay, WyneLay",ဝိုင်းလေး karaoke,Myanmar Net directory,https://shwe.net/song/list.php
ဝ,ဝေလ,ဝေလ,Wai La,Solo,မသတ်မှတ်,"ဝေလ, Wai La, WaiLa",ဝေလ karaoke,အတည်ပြုအရင်းအမြစ်ရှိ,https://www.viberate.com/music-charts/top-artists-from-myanmar/
သ,ခွန်သာဒွန်း,ခွန်သာဒွန်း,,Solo,အမျိုးသား,ခွန်သာဒွန်း,ခွန်သာဒွန်း karaoke,အတည်ပြုအရင်းအမြစ်ရှိ,https://my.wikipedia.org/wiki/ကဏ္ဍ:မြန်မာ_အမျိုးသား_အဆိုတော်များ
သ,တွံတေးသိန်းတန်,တွံတေးသိန်းတန်,,Solo,အမျိုးသား,တွံတေးသိန်းတန်,တွံတေးသိန်းတန် karaoke,အတည်ပြုအရင်းအမြစ်ရှိ,https://my.wikipedia.org/wiki/ကဏ္ဍ:မြန်မာ_အမျိုးသား_အဆိုတော်များ
သ,မြန်မာပြည်သိန်းတန်,မြန်မာပြည်သိန်းတန်,,Solo,အမျိုးသား,မြန်မာပြည်သိန်းတန်,မြန်မာပြည်သိန်းတန် karaoke,အတည်ပြုအရင်းအမြစ်ရှိ,https://my.wikipedia.org/wiki/ကဏ္ဍ:မြန်မာ_အမျိုးသား_အဆိုတော်များ
သ,သက်ဆုနဒီ,သက်ဆုနဒီ,,Solo,အမျိုးသမီး,သက်ဆုနဒီ,သက်ဆုနဒီ karaoke,Myanmar Net directory,https://shwe.net/song/list.php
သ,သက်ထားစံ,သက်ထားစံ,,Solo,အမျိုးသမီး,သက်ထားစံ,သက်ထားစံ karaoke,Myanmar Net directory,https://shwe.net/song/list.php
သ,သဇင်,သဇင်,,Solo,အမျိုးသမီး,သဇင်,သဇင် karaoke,Myanmar Net directory,https://shwe.net/song/list.php
သ,သန်းဖေလေး,သန်းဖေလေး,,Solo,အမျိုးသား,သန်းဖေလေး,သန်းဖေလေး karaoke,အတည်ပြုအရင်းအမြစ်ရှိ,https://my.wikipedia.org/wiki/ကဏ္ဍ:မြန်မာ_အမျိုးသား_အဆိုတော်များ
သ,သန်းမြတ်စိုး,သန်းမြတ်စိုး,,Solo,အမျိုးသား,သန်းမြတ်စိုး,သန်းမြတ်စိုး karaoke,Myanmar Net directory,https://shwe.net/song/list.php
သ,သန်းလှိုင်၊ ကို,သန်းလှိုင်၊ ကို,,Solo,အမျိုးသား,"သန်းလှိုင်၊ ကို, သန်းလှိုင်၊ကို",သန်းလှိုင်၊ ကို karaoke,အတည်ပြုအရင်းအမြစ်ရှိ,https://my.wikipedia.org/wiki/ကဏ္ဍ:မြန်မာ_အမျိုးသား_အဆိုတော်များ
သ,သန်းသန်းဆင့်,သန်းသန်းဆင့်,,Solo,အမျိုးသမီး,သန်းသန်းဆင့်,သန်းသန်းဆင့် karaoke,အတည်ပြုအရင်းအမြစ်ရှိ,https://my.wikipedia.org/wiki/ကဏ္ဍ:မြန်မာ_အမျိုးသမီး_အဆိုတော်များ
သ,သာဒီးလူ,သာဒီးလူ,Thar Dee Lu,Solo,အမျိုးသား,"သာဒီးလူ, Thar Dee Lu, TharDeeLu",သာဒီးလူ karaoke,Myanmar Net directory,https://shwe.net/song/list.php
သ,သားငယ်,သားငယ်,,Solo,အမျိုးသား,သားငယ်,သားငယ် karaoke,အတည်ပြုအရင်းအမြစ်ရှိ,https://my.wikipedia.org/wiki/ကဏ္ဍ:မြန်မာ_အမျိုးသား_အဆိုတော်များ
သ,သားစိုး,သားစိုး,Thar Soe,Solo,အမျိုးသား,"သားစိုး, Thar Soe, TharSoe",သားစိုး karaoke,အတည်ပြုအရင်းအမြစ်ရှိ,https://my.wikipedia.org/wiki/ကဏ္ဍ:မြန်မာ_အမျိုးသား_အဆိုတော်များ
သ,သိန်းဇော်,သိန်းဇော်,,Solo,အမျိုးသား,သိန်းဇော်,သိန်းဇော် karaoke,အတည်ပြုအရင်းအမြစ်ရှိ,https://my.wikipedia.org/wiki/ကဏ္ဍ:မြန်မာ_အမျိုးသား_အဆိုတော်များ
သ,သိန်းအောင် (လားရှိုး),သိန်းအောင် (လားရှိုး),,Solo,အမျိုးသား,"သိန်းအောင် (လားရှိုး), သိန်းအောင်(လားရှိုး)",သိန်းအောင် (လားရှိုး) karaoke,အတည်ပြုအရင်းအမြစ်ရှိ,https://my.wikipedia.org/wiki/ကဏ္ဍ:မြန်မာ_အမျိုးသား_အဆိုတော်များ
သ,သီရိဂျေမောင်မောင်,သီရိဂျေမောင်မောင်,,Solo,အမျိုးသမီး,သီရိဂျေမောင်မောင်,သီရိဂျေမောင်မောင် karaoke,Myanmar Net directory,https://shwe.net/song/list.php
သ,သီရိစံ,သီရိစံ,,Solo,အမျိုးသမီး,သီရိစံ,သီရိစံ karaoke,Myanmar Net directory,https://shwe.net/song/list.php
သ,သီရိဆွေ,သီရိဆွေ,,Solo,အမျိုးသမီး,သီရိဆွေ,သီရိဆွေ karaoke,အတည်ပြုအရင်းအမြစ်ရှိ,https://my.wikipedia.org/wiki/ကဏ္ဍ:မြန်မာ_အမျိုးသမီး_အဆိုတော်များ
သ,သုခမိန်လှိုင်,သုခမိန်လှိုင်,,Solo,အမျိုးသား,သုခမိန်လှိုင်,သုခမိန်လှိုင် karaoke,Myanmar Net directory,https://shwe.net/song/list.php
သ,သုမောင်,သုမောင်,,Solo,အမျိုးသား,သုမောင်,သုမောင် karaoke,အတည်ပြုအရင်းအမြစ်ရှိ,https://my.wikipedia.org/wiki/ကဏ္ဍ:မြန်မာ_အမျိုးသား_အဆိုတော်များ
သ,သံသာဝင်း,သံသာဝင်း,,Solo,အမျိုးသမီး,သံသာဝင်း,သံသာဝင်း karaoke,Myanmar Net directory,https://shwe.net/song/list.php
ဟ,ဟင်္သာတထွန်းရင်,ဟင်္သာတထွန်းရင်,,Solo,အမျိုးသား,ဟင်္သာတထွန်းရင်,ဟင်္သာတထွန်းရင် karaoke,အတည်ပြုအရင်းအမြစ်ရှိ,https://my.wikipedia.org/wiki/ကဏ္ဍ:မြန်မာ_အမျိုးသား_အဆိုတော်များ
ဟ,ဟန်ထူးလွင်,ဟန်ထူးလွင်,,Solo,အမျိုးသား,ဟန်ထူးလွင်,ဟန်ထူးလွင် karaoke,အတည်ပြုအရင်းအမြစ်ရှိ,https://my.wikipedia.org/wiki/ကဏ္ဍ:မြန်မာ_အမျိုးသား_အဆိုတော်များ
ဟ,ဟန်ထွန်း,ဟန်ထွန်း,,Solo,အမျိုးသား,ဟန်ထွန်း,ဟန်ထွန်း karaoke,Myanmar Net directory,https://shwe.net/song/list.php
ဟ,ဟယ်ရီလင်း,ဟယ်ရီလင်း,,Solo,အမျိုးသား,ဟယ်ရီလင်း,ဟယ်ရီလင်း karaoke,Myanmar Net directory,https://shwe.net/song/list.php
ဟ,ဟေမာနေဝင်း,ဟေမာနေဝင်း,,Solo,အမျိုးသမီး,ဟေမာနေဝင်း,ဟေမာနေဝင်း karaoke,အတည်ပြုအရင်းအမြစ်ရှိ,https://my.wikipedia.org/wiki/ကဏ္ဍ:မြန်မာ_အမျိုးသမီး_အဆိုတော်များ
ဟ,ဟဲလေး,ဟဲလေး,He' Lay,Solo,မသတ်မှတ်,"ဟဲလေး, He' Lay, He'Lay",ဟဲလေး karaoke,အတည်ပြုအရင်းအမြစ်ရှိ,https://www.viberate.com/music-charts/top-artists-from-myanmar/
အ,အကော်ဒီယံအုန်းကျော်,အကော်ဒီယံအုန်းကျော်,,Solo,အမျိုးသား,အကော်ဒီယံအုန်းကျော်,အကော်ဒီယံအုန်းကျော် karaoke,အတည်ပြုအရင်းအမြစ်ရှိ,https://my.wikipedia.org/wiki/ကဏ္ဍ:မြန်မာ_အမျိုးသား_အဆိုတော်များ
အ,အငဲ,အငဲ,Ah Nge,Solo,အမျိုးသား,"အငဲ, Ah Nge, AhNge",အငဲ karaoke,အတည်ပြုအရင်းအမြစ်ရှိ,https://my.wikipedia.org/wiki/ကဏ္ဍ:မြန်မာ_အမျိုးသား_အဆိုတော်များ
အ,အစ္စဏီ,အစ္စဏီ,Issani,Solo,မသတ်မှတ်,"အစ္စဏီ, Issani",အစ္စဏီ karaoke,အတည်ပြုအရင်းအမြစ်ရှိ,https://www.viberate.com/music-charts/top-artists-from-myanmar/
အ,အနဂ္ဂ,အနဂ္ဂ,Anagga,Solo,အမျိုးသား,"အနဂ္ဂ, Anagga",အနဂ္ဂ karaoke,အတည်ပြုအရင်းအမြစ်ရှိ,https://my.wikipedia.org/wiki/ကဏ္ဍ:မြန်မာ_အမျိုးသား_အဆိုတော်များ
အ,အန်ကိုင်ရာ,အန်ကိုင်ရာ,,Solo,အမျိုးသမီး,အန်ကိုင်ရာ,အန်ကိုင်ရာ karaoke,အတည်ပြုအရင်းအမြစ်ရှိ,https://my.wikipedia.org/wiki/ကဏ္ဍ:မြန်မာ_အမျိုးသမီး_အဆိုတော်များ
အ,အမ်ဇော်ရိန်,အမ်ဇော်ရိန်,,Solo,အမျိုးသား,အမ်ဇော်ရိန်,အမ်ဇော်ရိန် karaoke,အတည်ပြုအရင်းအမြစ်ရှိ,https://my.wikipedia.org/wiki/ကဏ္ဍ:မြန်မာ_အမျိုးသား_အဆိုတော်များ
အ,အမွန်း,အမွန်း,,Solo,အမျိုးသမီး,အမွန်း,အမွန်း karaoke,အတည်ပြုအရင်းအမြစ်ရှိ,https://my.wikipedia.org/wiki/ကဏ္ဍ:မြန်မာ_အမျိုးသမီး_အဆိုတော်များ
အ,အယ်နော်နော်,အယ်နော်နော်,,Solo,အမျိုးသမီး,အယ်နော်နော်,အယ်နော်နော် karaoke,Myanmar Net directory,https://shwe.net/song/list.php
အ,အယ်ဖြူ,အယ်ဖြူ,,Solo,အမျိုးသား,အယ်ဖြူ,အယ်ဖြူ karaoke,Myanmar Net directory,https://shwe.net/song/list.php
အ,အယ်လ်ခွန်းရီ,အယ်လ်ခွန်းရီ,,Solo,အမျိုးသမီး,အယ်လ်ခွန်းရီ,အယ်လ်ခွန်းရီ karaoke,Myanmar Net directory,https://shwe.net/song/list.php
အ,အယ်လ်ဆိုင်းဇီ,အယ်လ်ဆိုင်းဇီ,L Sai Zi,Solo,အမျိုးသမီး,"အယ်လ်ဆိုင်းဇီ, L Sai Zi, LSaiZi",အယ်လ်ဆိုင်းဇီ karaoke,Myanmar Net directory,https://shwe.net/song/list.php
အ,အရိုး,အရိုး,,Solo,အမျိုးသား,အရိုး,အရိုး karaoke,Myanmar Net directory,https://shwe.net/song/list.php
အ,အာဘွိုင်း,အာဘွိုင်း,Ah Boy,Solo,အမျိုးသား,"အာဘွိုင်း, Ah Boy, AhBoy",အာဘွိုင်း karaoke,အတည်ပြုအရင်းအမြစ်ရှိ,https://my.wikipedia.org/wiki/ကဏ္ဍ:မြန်မာ_အမျိုးသား_အဆိုတော်များ
အ,အိန္ဒြာကျော်ဇင်,အိန္ဒြာကျော်ဇင်,,Solo,အမျိုးသမီး,အိန္ဒြာကျော်ဇင်,အိန္ဒြာကျော်ဇင် karaoke,Myanmar Net directory,https://shwe.net/song/list.php
အ,အိမ့်ချစ်,အိမ့်ချစ်,Eint Chit,Solo,မသတ်မှတ်,"အိမ့်ချစ်, Eint Chit, EintChit",အိမ့်ချစ် karaoke,အတည်ပြုအရင်းအမြစ်ရှိ,https://www.viberate.com/music-charts/top-artists-from-myanmar/
အ,အိမြတ်,အိမြတ်,,Solo,အမျိုးသမီး,အိမြတ်,အိမြတ် karaoke,Myanmar Net directory,https://shwe.net/song/list.php
အ,အိအိ,အိအိ,,Solo,အမျိုးသမီး,အိအိ,အိအိ karaoke,အတည်ပြုအရင်းအမြစ်ရှိ,https://my.wikipedia.org/wiki/ကဏ္ဍ:မြန်မာ_အမျိုးသမီး_အဆိုတော်များ
အ,အိုင်ရင်းဇင်မာမြင့်,အိုင်ရင်းဇင်မာမြင့်,,Solo,မသတ်မှတ်,အိုင်ရင်းဇင်မာမြင့်,အိုင်ရင်းဇင်မာမြင့် karaoke,အတည်ပြုအရင်းအမြစ်ရှိ,https://www.viberate.com/music-charts/top-artists-from-myanmar/
အ,အိုင်းရင်းဇင်မာမြင့်,အိုင်းရင်းဇင်မာမြင့်,Irene Zin Mar Myint,Solo,အမျိုးသမီး,"အိုင်းရင်းဇင်မာမြင့်, Irene Zin Mar Myint, IreneZinMarMyint",အိုင်းရင်းဇင်မာမြင့် karaoke,Myanmar Net directory,https://shwe.net/song/list.php
အ,အေသင်ချိုဆွေ,အေသင်ချိုဆွေ,Athen Cho Swe,Solo,အမျိုးသမီး,"အေသင်ချိုဆွေ, Athen Cho Swe, AthenChoSwe",အေသင်ချိုဆွေ karaoke,Myanmar Net directory,https://shwe.net/song/list.php
အ,အောင်ကိုလတ်,အောင်ကိုလတ်,,Solo,အမျိုးသား,အောင်ကိုလတ်,အောင်ကိုလတ် karaoke,အတည်ပြုအရင်းအမြစ်ရှိ,https://my.wikipedia.org/wiki/ကဏ္ဍ:မြန်မာ_အမျိုးသား_အဆိုတော်များ
အ,အောင်ထက်,အောင်ထက်,,Solo,အမျိုးသား,အောင်ထက်,အောင်ထက် karaoke,အတည်ပြုအရင်းအမြစ်ရှိ,https://my.wikipedia.org/wiki/ကဏ္ဍ:မြန်မာ_အမျိုးသား_အဆိုတော်များ
အ,အောင်ထီးခမ်း၊ စိုင်း,အောင်ထီးခမ်း၊ စိုင်း,,Solo,အမျိုးသား,"အောင်ထီးခမ်း၊ စိုင်း, အောင်ထီးခမ်း၊စိုင်း",အောင်ထီးခမ်း၊ စိုင်း karaoke,အတည်ပြုအရင်းအမြစ်ရှိ,https://my.wikipedia.org/wiki/ကဏ္ဍ:မြန်မာ_အမျိုးသား_အဆိုတော်များ
အ,အောင်နိုင်,အောင်နိုင်,,Solo,အမျိုးသား,အောင်နိုင်,အောင်နိုင် karaoke,Myanmar Net directory,https://shwe.net/song/list.php
အ,အောင်ရင်,အောင်ရင်,Aung Yin,Solo,အမျိုးသား,"အောင်ရင်, Aung Yin, AungYin",အောင်ရင် karaoke,အတည်ပြုအရင်းအမြစ်ရှိ,https://my.wikipedia.org/wiki/ကဏ္ဍ:မြန်မာ_အမျိုးသား_အဆိုတော်များ
အ,အောင်လ,အောင်လ,Aung La,Solo,အမျိုးသား,"အောင်လ, Aung La, AungLa",အောင်လ karaoke,အတည်ပြုအရင်းအမြစ်ရှိ,https://my.wikipedia.org/wiki/ကဏ္ဍ:မြန်မာ_အမျိုးသား_အဆိုတော်များ
အ,အောင်သူ,အောင်သူ,,Solo,အမျိုးသား,အောင်သူ,အောင်သူ karaoke,အတည်ပြုအရင်းအမြစ်ရှိ,https://my.wikipedia.org/wiki/ကဏ္ဍ:မြန်မာ_အမျိုးသား_အဆိုတော်များ
အ,အေးချမ်းမေ,အေးချမ်းမေ,,Solo,အမျိုးသမီး,အေးချမ်းမေ,အေးချမ်းမေ karaoke,Myanmar Net directory,https://shwe.net/song/list.php
အ,အေးမြတ်သူ,အေးမြတ်သူ,,Solo,အမျိုးသမီး,အေးမြတ်သူ,အေးမြတ်သူ karaoke,Myanmar Net directory,https://shwe.net/song/list.php
အ,အေးမြဖြူ,အေးမြဖြူ,,Solo,မသတ်မှတ်,အေးမြဖြူ,အေးမြဖြူ karaoke,အတည်ပြုအရင်းအမြစ်ရှိ,https://www.viberate.com/music-charts/top-artists-from-myanmar/
အ,အေးဝတ်ရည်သောင်း,အေးဝတ်ရည်သောင်း,,Solo,အမျိုးသမီး,အေးဝတ်ရည်သောင်း,အေးဝတ်ရည်သောင်း karaoke,အတည်ပြုအရင်းအမြစ်ရှိ,https://my.wikipedia.org/wiki/ကဏ္ဍ:မြန်မာ_အမျိုးသမီး_အဆိုတော်များ
အ,အဲလက်စ်,အဲလက်စ်,Alex,Solo,အမျိုးသား,"အဲလက်စ်, Alex",အဲလက်စ် karaoke,အတည်ပြုအရင်းအမြစ်ရှိ,https://my.wikipedia.org/wiki/ကဏ္ဍ:မြန်မာ_အမျိုးသား_အဆိုတော်များ
အ,အဲလေး,အဲလေး,,Solo,အမျိုးသား,အဲလေး,အဲလေး karaoke,Myanmar Net directory,https://shwe.net/song/list.php
အ,အံ့ကြီး၊ ကို,အံ့ကြီး၊ ကို,,Solo,အမျိုးသား,"အံ့ကြီး၊ ကို, အံ့ကြီး၊ကို",အံ့ကြီး၊ ကို karaoke,အတည်ပြုအရင်းအမြစ်ရှိ,https://my.wikipedia.org/wiki/ကဏ္ဍ:မြန်မာ_အမျိုးသား_အဆိုတော်များ
အ,ဧကရီ,ဧကရီ,,Solo,အမျိုးသမီး,ဧကရီ,ဧကရီ karaoke,Myanmar Net directory,https://shwe.net/song/list.php
A,Acid,,Acid,Band,အဖွဲ့,Acid,Acid Myanmar karaoke,Stage/Band entry,https://shwe.net/song/list.php
B,Big Bag,,Big Bag,Band,အဖွဲ့,"Big Bag, BigBag",Big Bag Myanmar karaoke,Stage/Band entry,https://shwe.net/song/list.php
E,Examplez,,Examplez,Band,အဖွဲ့,Examplez,Examplez Myanmar karaoke,Stage/Band entry,https://shwe.net/song/list.php
G,G Fatt,ဂျီဖက်,G Fatt,rap,မသတ်မှတ်,"G Fatt, ဂျီဖက်, GFatt",G Fatt Myanmar karaoke,Stage/Band entry,https://shwe.net/song/list.php
I,Idiots,,Idiots,Band,အဖွဲ့,Idiots,Idiots Myanmar karaoke,Stage/Band entry,https://shwe.net/song/list.php
I,Iron Cross,,Iron Cross,Band,အဖွဲ့,"Iron Cross, IronCross",Iron Cross Myanmar karaoke,Stage/Band entry,https://shwe.net/song/list.php
J,JCZ,,JCZ,rap,မသတ်မှတ်,JCZ,JCZ Myanmar karaoke,Stage/Band entry,https://shwe.net/song/list.php
L,L လွန်းဝါ,အယ်လ်လွန်းဝါ,L Lun Wa,Solo,မသတ်မှတ်,"L လွန်းဝါ, အယ်လ်လွန်းဝါ, L Lun Wa, LLunWa",L လွန်းဝါ Myanmar karaoke,Stage/Band entry,https://shwe.net/song/list.php
R,R Zarni,R ဇာနည်,R Zarni,Solo,မသတ်မှတ်,"R Zarni, R ဇာနည်, Rဇာနည်, RZarni",R Zarni Myanmar karaoke,Stage/Band entry,https://shwe.net/song/list.php
R,R ဇာနည်,R ဇာနည်,,Solo,အမျိုးသား,"R ဇာနည်, Rဇာနည်",R ဇာနည် karaoke,အတည်ပြုအရင်းအမြစ်ရှိ,https://my.wikipedia.org/wiki/ကဏ္ဍ:မြန်မာ_အမျိုးသား_အဆိုတော်များ
Y,Y Wine,ဝိုင်ဝိုင်း,Y Wine,Solo,မသတ်မှတ်,"Y Wine, ဝိုင်ဝိုင်း, YWine",Y Wine Myanmar karaoke,Stage/Band entry,https://shwe.net/song/list.php
